{
	"format_version": "1.8.0",
	"animations": {
		"animation.typenull.battle_idle": {
			"loop": true,
			"animation_length": 1,
			"bones": {
				"Torso": {
					"rotation": {
						"0.0": [8.70851, -25.4516, 0.80742],
						"0.5": [13.70851, -25.4516, 0.80742],
						"1.0": [8.70851, -25.4516, 0.80742]
					},
					"position": {
						"0.0": [0, -3.25, 0],
						"0.5": [-0.25, -3.75, 1],
						"1.0": [0, -3.25, 0]
					}
				},
				"Neck": {
					"rotation": {
						"0.0": [-0.60977, 27.48715, -2.72226],
						"0.75": [5.72356, 27.48715, -2.72226],
						"1.0": [-0.60977, 27.48715, -2.72226]
					}
				},
				"LTHip": {
					"rotation": {
						"0.0": [12.45392, 1.08089, -4.88206],
						"0.5": [2.45392, 1.08089, -4.88206],
						"1.0": [12.45392, 1.08089, -4.88206]
					}
				},
				"LTHock": {
					"rotation": {
						"0.0": [-14.94548, 1.29256, 4.83045],
						"1.0": [-14.94548, 1.29256, 4.83045]
					}
				},
				"LTFoot": {
					"rotation": {
						"0.0": [-7.5, 0, 0],
						"0.5": [-2.5, 0, 0],
						"1.0": [-7.5, 0, 0]
					}
				},
				"RTHip": {
					"rotation": {
						"0.0": [-16.92867, 8.37491, 3.32366],
						"0.5": [-29.42867, 8.37491, 3.32366],
						"1.0": [-16.92867, 8.37491, 3.32366]
					}
				},
				"RTHock": {
					"rotation": {
						"0.0": [-29.98637, 0.64686, 2.41492],
						"0.5": [-22.48637, 0.64686, 2.41492],
						"1.0": [-29.98637, 0.64686, 2.41492]
					}
				},
				"RTFoot": {
					"rotation": {
						"0.0": [39.75926, 2.89265, -7.35981],
						"0.5": [39.75926, 2.89265, -7.35981],
						"1.0": [39.75926, 2.89265, -7.35981]
					}
				},
				"LTShoulder": {
					"rotation": {
						"0.0": [-29.68392, -9.42985, -11.64927],
						"0.5": [-39.68392, -9.42985, -11.64927],
						"1.0": [-29.68392, -9.42985, -11.64927]
					}
				},
				"LTForearm": {
					"rotation": {
						"0.0": [-29.78729, 3.74196, 6.50446],
						"1.0": [-29.78729, 3.74196, 6.50446]
					}
				},
				"LTClaw": {
					"rotation": {
						"0.0": [49.69427, -0.50185, 5.99605],
						"0.5": [54.69427, -0.50185, 5.99605],
						"1.0": [49.69427, -0.50185, 5.99605]
					}
				},
				"RTShoulder": {
					"rotation": {
						"0.0": [10.58422, -0.53321, 28.28481],
						"0.5": [0.75377, 1.90823, 33.31283],
						"1.0": [10.58422, -0.53321, 28.28481]
					}
				},
				"RTForearm": {
					"rotation": {
						"0.0": [-66.84474, -1.1371, -21.33807],
						"0.5": [-66.89685, -0.48627, -29.21549],
						"1.0": [-66.84474, -1.1371, -21.33807]
					}
				},
				"RTClaw": {
					"rotation": {
						"0.0": [44.60382, 5.35355, -8.45862],
						"0.5": [47.28486, 3.37729, -3.21888],
						"1.0": [44.60382, 5.35355, -8.45862]
					}
				},
				"Tail": {
					"rotation": {
						"0.0": [10, 0, 0],
						"0.375": [10.62758, 19.6835, 3.61644],
						"0.6667": [12.08321, -32.58157, -6.54884],
						"1.0": [10, 0, 0]
					}
				},
				"Body": {
					"position": [1, 0, 3]
				}
			}
		},
		"animation.typenull.ground_idle": {
			"loop": true,
			"animation_length": 2,
			"bones": {
				"Torso": {
					"rotation": {
						"0.0": [0, 0, 0],
						"1.0": [2.5, 0, 0],
						"2.0": [0, 0, 0]
					},
					"position": {
						"0.0": [0, 0, 0],
						"1.0": [0, -0.2, 0],
						"2.0": [0, 0, 0]
					}
				},
				"Neck": {
					"rotation": {
						"0.0": [0, 0, 0],
						"1.0": [-7.5, 0, 0],
						"2.0": [0, 0, 0]
					}
				},
				"Collar": {
					"rotation": {
						"0.0": [0, 0, 0],
						"1.0": [2.5, 0, 0],
						"2.0": [0, 0, 0]
					}
				},
				"LTHip": {
					"rotation": {
						"0.0": [0, 0, 0],
						"1.0": [0, 0, 0],
						"2.0": [0, 0, 0]
					},
					"position": {
						"0.0": [0, 0, 0],
						"1.0": [0, -0.2, 0],
						"2.0": [0, 0, 0]
					}
				},
				"LTHock": {
					"rotation": {
						"0.0": [0, 0, 0],
						"1.0": [-5, 0, 0],
						"2.0": [0, 0, 0]
					},
					"position": {
						"0.0": [0, 0, 0],
						"1.0": [0, -0.2, 0],
						"2.0": [0, 0, 0]
					}
				},
				"LTFoot": {
					"rotation": {
						"0.0": [0, 0, 0],
						"1.0": [2.5, 0, 0],
						"2.0": [0, 0, 0]
					},
					"position": {
						"0.0": [0, 0, 0],
						"1.0": [0, 0, 0],
						"2.0": [0, 0, 0]
					}
				},
				"RTHip": {
					"rotation": {
						"0.0": [0, 0, 0],
						"1.0": [0, 0, 0],
						"2.0": [0, 0, 0]
					},
					"position": {
						"0.0": [0, 0, 0],
						"1.0": [0, -0.1, 0],
						"2.0": [0, 0, 0]
					}
				},
				"RTHock": {
					"rotation": {
						"0.0": [0, 0, 0],
						"1.0": [-5, 0, 0],
						"2.0": [0, 0, 0]
					},
					"position": {
						"0.0": [0, 0, 0],
						"1.0": [0, -0.2, 0],
						"2.0": [0, 0, 0]
					}
				},
				"RTFoot": {
					"rotation": {
						"0.0": [0, 0, 0],
						"1.0": [2.5, 0, 0],
						"2.0": [0, 0, 0]
					},
					"position": {
						"0.0": [0, 0, 0],
						"1.0": [0, -0.1, 0],
						"2.0": [0, 0, 0]
					}
				},
				"LTShoulder": {
					"rotation": {
						"0.0": [0, 0, 0],
						"1.0": [2.5, 0, 0],
						"2.0": [0, 0, 0]
					},
					"position": {
						"0.0": [0, 0, 0],
						"1.0": [0, 0.25, 0],
						"2.0": [0, 0, 0]
					}
				},
				"LTForearm": {
					"rotation": {
						"0.0": [0, 0, 0],
						"1.0": [-10, 0, 0],
						"2.0": [0, 0, 0]
					}
				},
				"LTClaw": {
					"rotation": {
						"0.0": [0, 0, 0],
						"1.0": [5, 0, 0],
						"2.0": [0, 0, 0]
					}
				},
				"RTShoulder": {
					"rotation": {
						"0.0": [0, 0, 0],
						"1.0": [2.5, 0, 0],
						"2.0": [0, 0, 0]
					},
					"position": {
						"0.0": [0, 0, 0],
						"1.0": [0, 0.25, 0],
						"2.0": [0, 0, 0]
					}
				},
				"RTForearm": {
					"rotation": {
						"0.0": [0, 0, 0],
						"1.0": [-10, 0, 0],
						"2.0": [0, 0, 0]
					}
				},
				"RTClaw": {
					"rotation": {
						"0.0": [0, 0, 0],
						"1.0": [5, 0, 0],
						"2.0": [0, 0, 0]
					}
				},
				"Tail": {
					"rotation": {
						"0.0": [0, -20, 0],
						"1.0": [0, 20, 0],
						"2.0": [0, -20, 0]
					}
				}
			}
		},
		"animation.typenull.ground_walk": {
			"loop": true,
			"animation_length": 1,
			"bones": {
				"Torso": {
					"position": {
						"0.0": [0, -2, 0],
						"0.25": [0, 0, 0],
						"0.5": [0, -2, 0],
						"0.75": [0, 0, 0],
						"1.0": [0, -2, 0]
					}
				},
				"Neck": {
					"rotation": {
						"0.0": [0, 0, 0],
						"0.25": [10, 0, 0],
						"0.5": [0, 0, 0],
						"0.75": [7.5, 0, 0],
						"1.0": [0, 0, 0]
					}
				},
				"Collar": {
					"rotation": {
						"0.0": [2.5, 0, 0],
						"0.25": [-7.5, 0, 0],
						"0.5": [2.5, 0, 0],
						"0.75": [-5, 0, 0],
						"1.0": [2.5, 0, 0]
					}
				},
				"LTHip": {
					"rotation": {
						"0.0": [25, 0, 0],
						"0.5": [-30, 0, 0],
						"1.0": [25, 0, 0]
					}
				},
				"LTHock": {
					"rotation": {
						"0.0": [-10, 0, 0],
						"0.25": [-3.75, 0, 0],
						"0.5": [-17.5, 0, 0],
						"1.0": [-10, 0, 0]
					},
					"position": {
						"0.0": [0, 0, 0],
						"0.25": [0, 4, 1],
						"0.5": [0, 0, 0]
					}
				},
				"LTFoot": {
					"rotation": {
						"0.0": [-15, 0, 0],
						"0.1667": [31.25, 0, 0],
						"0.3333": [9.38, 0, 0],
						"0.5": [47.5, 0, 0],
						"1.0": [-12.5, 0, 0]
					}
				},
				"RTHip": {
					"rotation": {
						"0.0": [-27.5, 0, 0],
						"0.5": [25, 0, 0],
						"1.0": [-27.5, 0, 0]
					}
				},
				"RTHock": {
					"rotation": {
						"0.0": [-20, 0, 0],
						"0.5": [-10, 0, 0],
						"0.75": [0, 0, 0],
						"1.0": [-20, 0, 0]
					},
					"position": {
						"0.0": [0, 0, 0],
						"0.5": [0, -0.33, 0.67],
						"0.75": [0, 4, 1],
						"1.0": [0, 1, 1]
					}
				},
				"RTFoot": {
					"rotation": {
						"0.0": [47.5, 0, 0],
						"0.5": [-12.5, 0, 0],
						"0.6667": [27.5, 0, 0],
						"0.8333": [11.25, 0, 0],
						"1.0": [47.5, 0, 0]
					}
				},
				"LTShoulder": {
					"rotation": {
						"0.0": [40, 0, 0],
						"0.1667": [57.04134, -1.11059, -2.87821],
						"0.375": [-9.2345, -0.41647, -1.07933],
						"0.5": [-25, 0, 0],
						"1.0": [40, 0, 0]
					}
				},
				"LTForearm": {
					"rotation": {
						"0.0": [-10, 0, 0],
						"0.25": [-72.5, 0, 0],
						"0.5": [0, 0, 0],
						"1.0": [-10, 0, 0]
					}
				},
				"LTClaw": {
					"rotation": {
						"0.0": [-30, 0, 0],
						"0.25": [35, 0, 0],
						"0.5": [25, 0, 0],
						"1.0": [-30, 0, 0]
					}
				},
				"RTShoulder": {
					"rotation": {
						"0.0": [-25, 0, 0],
						"0.5": [37.5, 0, 0],
						"0.6667": [56.25, 0, 0],
						"0.875": [-14.53, 0, 0],
						"1.0": [-25, 0, 0]
					}
				},
				"RTForearm": {
					"rotation": {
						"0.0": [0, 0, 0],
						"0.5": [-17.5, 0, 0],
						"0.75": [-68.75, 0, 0],
						"1.0": [0, 0, 0]
					}
				},
				"RTClaw": {
					"rotation": {
						"0.0": [25, 0, 0],
						"0.5": [-20, 0, 0],
						"0.75": [30, 0, 0],
						"1.0": [25, 0, 0]
					}
				},
				"Tail": {
					"rotation": {
						"0.0": [0, 0, 0],
						"0.25": [0, -10, 0],
						"0.75": [0, 10, 0],
						"1.0": [0, 0, 0]
					}
				}
			}
		},
		"animation.typenull.sleep": {
			"loop": true,
			"animation_length": 2,
			"bones": {
				"Torso": {
					"rotation": {
						"0.0": [0, 0, 0],
						"1.0": [-2.5, 0, 0],
						"2.0": [0, 0, 0]
					},
					"position": {
						"0.0": [0, -8, 0],
						"2.0": [0, -8, 0]
					}
				},
				"Neck": {
					"rotation": {
						"0.0": [42.5, 0, 0],
						"1.0": [47.5, 0, 0],
						"2.0": [42.5, 0, 0]
					}
				},
				"Collar": {
					"rotation": {
						"0.0": [15, 0, 0],
						"2.0": [15, 0, 0]
					}
				},
				"LTHip": {
					"rotation": {
						"0.0": [-87.37884, -17.48281, -0.78795],
						"1.0": [-84.87884, -17.48281, -0.78795],
						"2.0": [-87.37884, -17.48281, -0.78795]
					},
					"position": {
						"0.0": [0, 0, 2],
						"1.0": [0, 0.5, 2],
						"2.0": [0, 0, 2]
					}
				},
				"LTHock": {
					"position": {
						"0.0": [0, 5, 1],
						"2.0": [0, 5, 1]
					}
				},
				"LTFoot": {
					"rotation": {
						"0.0": [85, 0, 0],
						"2.0": [85, 0, 0]
					},
					"position": {
						"0.0": [0, 1, 2],
						"2.0": [0, 1, 2]
					}
				},
				"RTHip": {
					"rotation": {
						"0.0": [-87.43938, 12.48791, 0.55404],
						"1.0": [-84.93938, 12.48791, 0.55404],
						"2.0": [-87.43938, 12.48791, 0.55404]
					},
					"position": {
						"0.0": [0, 0, 2],
						"1.0": [0, 0.5, 2],
						"2.0": [0, 0, 2]
					}
				},
				"RTHock": {
					"position": {
						"0.0": [0, 6, 1],
						"2.0": [0, 6, 1]
					}
				},
				"RTFoot": {
					"rotation": {
						"0.0": [80, 0, 0],
						"2.0": [80, 0, 0]
					},
					"position": {
						"0.0": [0, 0, 2],
						"2.0": [0, 0, 2]
					}
				},
				"LTShoulder": {
					"rotation": {
						"0.0": [-33.73499, -9.93191, -14.48174],
						"1.0": [-31.23499, -9.93191, -14.48174],
						"2.0": [-33.73499, -9.93191, -14.48174]
					}
				},
				"LTForearm": {
					"rotation": {
						"0.0": [-52.81133, -25.93303, 35.24323],
						"2.0": [-52.81133, -25.93303, 35.24323]
					}
				},
				"LTClaw": {
					"rotation": {
						"0.0": [55, 0, 0],
						"2.0": [55, 0, 0]
					}
				},
				"RTShoulder": {
					"rotation": {
						"0.0": [-37.25235, 15.7627, 19.65736],
						"1.0": [-34.75235, 15.7627, 19.65736],
						"2.0": [-37.25235, 15.7627, 19.65736]
					}
				},
				"RTForearm": {
					"rotation": {
						"0.0": [-34.92521, 2.29209, -26.24409],
						"2.0": [-34.92521, 2.29209, -26.24409]
					}
				},
				"RTClaw": {
					"rotation": {
						"0.0": [48.02529, 20.24017, -7.31293],
						"2.0": [48.02529, 20.24017, -7.31293]
					}
				},
				"Tail": {
					"rotation": {
						"0.0": [0, 0, 0],
						"1.0": [10, 0, 0],
						"2.0": [0, 0, 0]
					}
				}
			}
		},
		"animation.typenull.faint": {
			"animation_length": 4,
			"bones": {
				"Torso": {
					"rotation": {
						"0.0": [0, 0, 0],
						"0.5": [-10, 0, 0],
						"0.75": [-10, 0, 0],
						"1.25": [-1.75378, 9.84655, 79.84892]
					},
					"position": {
						"0.0": [0, 0, 0],
						"0.5": [0, 0, 0.6],
						"0.75": [0, 0, 0.6],
						"1.25": [10, -10, 0.6]
					}
				},
				"Neck": {
					"rotation": {
						"0.0": [0, 0, 0],
						"0.5": [-5, 0, 0],
						"1.0": [8.01529, 8.76179, -6.12976],
						"1.25": [26.88177, -0.14131, 11.84898]
					}
				},
				"Collar": {
					"rotation": {
						"0.0": [0, 0, 0],
						"0.2083": [-7.24995, 9.98872, 0.47736],
						"0.375": [-13.15329, -10.697, 1.02262],
						"0.5": [-17.5, 0, 0],
						"1.0": [-23.97015, 3.23718, -6.15364],
						"1.25": [-8.7857, -10.60014, 21.195]
					}
				},
				"LTHip": {
					"rotation": {
						"0.0": [0, 0, 0],
						"0.5": [7.5, 0, 0],
						"0.75": [7.5, 0, 0],
						"1.25": [42.24721, -1.93597, 14.87739]
					},
					"position": {
						"0.0": [0, 0, 0],
						"0.5": [0, 0.91318, -0.4924],
						"0.75": [0, 0.91, -0.49]
					}
				},
				"LTHock": {
					"rotation": {
						"0.0": [0, 0, 0],
						"0.5": [2.5, 0, 0]
					},
					"position": {
						"0.0": [0, 0, 0],
						"0.5": [0, 0.75, 0]
					}
				},
				"LTFoot": {
					"rotation": {
						"0.0": [0, 0, 0],
						"0.75": [0, 0, 0],
						"1.25": [0, 0, 0]
					}
				},
				"RTHip": {
					"rotation": {
						"0.0": [0, 0, 0],
						"0.5": [7.5, 0, 0],
						"0.75": [7.5, 0, 0],
						"1.0": [-15, 0, 0]
					},
					"position": {
						"0.0": [0, 0, 0],
						"0.5": [0, 0.91318, -0.4924],
						"0.75": [0, 0.91, -0.49]
					}
				},
				"RTHock": {
					"rotation": {
						"0.0": [0, 0, 0],
						"0.5": [2.5, 0, 0],
						"0.75": [2.5, 0, 0],
						"1.0": [-7.5, 0, 0]
					},
					"position": {
						"0.0": [0, 0, 0],
						"0.5": [0, 0.75, 0],
						"0.75": [0, 0.75, 0],
						"1.0": [0, 1.75, 1]
					}
				},
				"RTFoot": {
					"rotation": {
						"0.0": [0, 0, 0],
						"0.75": [0, 0, 0],
						"1.0": [35, 0, 0]
					}
				},
				"LTShoulder": {
					"rotation": {
						"0.0": [0, 0, 0],
						"0.5": [-42.5, 0, 0],
						"0.75": [-50, 0, 0],
						"1.25": [-22.5, 0, 0]
					}
				},
				"LTForearm": {
					"rotation": {
						"0.0": [0, 0, 0],
						"0.5": [-45, 0, 0],
						"0.75": [-45, 0, 0]
					},
					"position": [0, 0, 0]
				},
				"RTShoulder": {
					"rotation": {
						"0.0": [0, 0, 0],
						"0.5": [5, 0, 0],
						"0.8333": [5, 0, 0],
						"1.0": [4.69986, -1.70818, 19.9299],
						"1.25": [4.99527, 0.21782, -2.4905]
					},
					"position": {
						"0.0": [0, 0, 0],
						"0.5": [0, -0.25, 0],
						"1.25": [-0.96985, -0.07899, -0.17365]
					}
				},
				"RTForearm": {
					"rotation": {
						"0.0": [0, 0, 0],
						"0.5": [2.5, 0, 0],
						"0.75": [2.19142, -0.04776, 1.24377],
						"1.0": [2.38443, 0.75155, -17.48436],
						"1.25": [2.16541, 1.2497, -29.97638]
					}
				},
				"RTClaw": {
					"rotation": {
						"0.0": [0, 0, 0],
						"0.5": [2.5, 0, 0]
					}
				},
				"Tail": {
					"rotation": {
						"0.0": [0, 0, 0],
						"0.2917": [-14.46558, -14.51923, -0.11975],
						"0.625": [-28.93803, 29.14089, -15.06885],
						"1.0833": [24.0701, -48.62774, -12.5952],
						"1.4167": [8.0936, 12.83736, 16.94174]
					}
				}
			}
		},
		"animation.typenull.cry": {
			"animation_length": 1,
			"bones": {
				"Neck": {
					"rotation": {
						"0.0": [0, 0, 0],
						"0.25": [25, 0, 0],
						"0.4167": [11.79281, 23.59912, 2.21113],
						"0.6667": [28.308, -15.1299, -13.31347],
						"1.0": [0, 0, 0]
					}
				},
				"Collar": {
					"rotation": {
						"0.0": [0, 0, 0],
						"0.1667": [0.12189, -14.61129, -0.48613],
						"0.4167": [7.89807, 11.91276, 8.81397],
						"0.5": [13.33355, 26.82554, 13.50993],
						"0.75": [12.94913, -7.26844, -1.70667],
						"0.875": [24.08888, -5.70615, -2.25705],
						"1.0": [0, 0, 0]
					}
				}
			},
			"sound_effects": {
				"0.0": {
					"effect": "pokemon.typenull.cry"
				}
			}
		}
	}
}