{
	"format_version": "1.12.0",
	"minecraft:geometry": [
		{
			"description": {
				"identifier": "geometry.rolycoly",
				"texture_width": 64,
				"texture_height": 64,
				"visible_bounds_width": 3,
				"visible_bounds_height": 2.5,
				"visible_bounds_offset": [0, 0.75, 0]
			},
			"bones": [
				{
					"name": "rolycoly",
					"pivot": [0, 0, 0]
				},
				{
					"name": "allbody",
					"parent": "rolycoly",
					"pivot": [0, 0, 0]
				},
				{
					"name": "torso",
					"parent": "allbody",
					"pivot": [0, 4, 0]
				},
				{
					"name": "torsoparte",
					"parent": "torso",
					"pivot": [0, 3, 0],
					"cubes": [
						{"origin": [-4, 2, -3], "size": [8, 7, 9], "uv": [0, 0]}
					]
				},
				{
					"name": "torsomini",
					"parent": "torsoparte",
					"pivot": [0, 0, 0],
					"cubes": [
						{"origin": [2.4, 8, -2], "size": [2, 2, 2], "pivot": [3, 8, 0], "rotation": [0, 47.5, 0], "uv": [22, 26]},
						{"origin": [2.4, 8, 2], "size": [2, 2, 2], "pivot": [3, 8, 4], "rotation": [0, 47.5, 0], "uv": [22, 26]},
						{"origin": [-3, 8, 2], "size": [3, 2, 3], "pivot": [-1, 8, 5], "rotation": [-2.5, -12.5, 0], "uv": [0, 26]},
						{"origin": [-3.6, 8, -2], "size": [3, 2, 3], "pivot": [0, 8, 1], "rotation": [-2.5, -12.5, 0], "uv": [0, 26]}
					]
				},
				{
					"name": "head",
					"parent": "torso",
					"pivot": [0, 4, -4]
				},
				{
					"name": "face",
					"parent": "head",
					"pivot": [0, 0, 0],
					"cubes": [
						{"origin": [-3, 3, -5], "size": [5, 5, 2], "pivot": [-2, 3, -4], "rotation": [-2.5, 0, 12.5], "uv": [21, 17]}
					]
				},
				{
					"name": "eyes",
					"parent": "face",
					"pivot": [0, 0, 0]
				},
				{
					"name": "eye1",
					"parent": "eyes",
					"pivot": [-1, 0, 2],
					"rotation": [0, 0, -5],
					"cubes": [
						{"origin": [-1.6, 3, -5], "size": [4, 3, 0], "uv": [13, 32]},
						{"origin": [0, 4, -5.1], "size": [1, 2, 0], "uv": [2, 2]}
					]
				},
				{
					"name": "hands",
					"parent": "torso",
					"pivot": [0, 0, 0]
				},
				{
					"name": "hand1",
					"parent": "hands",
					"pivot": [0, 0, 0],
					"cubes": [
						{"origin": [-5, 4, -4], "size": [2, 2, 2], "pivot": [-4, 4, -3], "rotation": [0, -12.5, 0], "uv": [22, 31]}
					]
				},
				{
					"name": "hand2",
					"parent": "hands",
					"pivot": [0, 0, 0],
					"cubes": [
						{"origin": [3, 4, -4], "size": [2, 2, 2], "pivot": [4, 4, -3], "rotation": [0, 12.5, 0], "uv": [31, 31]}
					]
				},
				{
					"name": "hand_mini3",
					"parent": "hands",
					"pivot": [0, 0, 0],
					"cubes": [
						{"origin": [-5, 4, 2], "size": [2, 2, 2], "pivot": [-4, 4, 3], "rotation": [0, 45, 0], "uv": [0, 32]}
					]
				},
				{
					"name": "hand_mini2",
					"parent": "hands",
					"pivot": [0, 0, 0],
					"cubes": [
						{"origin": [3, 4, 2], "size": [2, 2, 2], "pivot": [4, 4, 3], "rotation": [0, -45, 0], "uv": [34, 25]}
					]
				},
				{
					"name": "legs",
					"parent": "torso",
					"pivot": [0, 0, 0]
				},
				{
					"name": "leg1",
					"parent": "legs",
					"pivot": [0, 0, 0]
				},
				{
					"name": "legparte1",
					"parent": "leg1",
					"pivot": [0, 0, 0],
					"cubes": [
						{"origin": [-2, 0, -2], "size": [4, 2, 6], "uv": [0, 17]}
					]
				}
			]
		}
	]
}