{
	"format_version": "1.8.0",
	"animations": {
		"animation.carkol.blink": {
			"animation_length": 0.125,
			"bones": {
				"eye_parte1": {
					"position": {
						"0.0": [0, 0, 0],
						"0.125": [1, 0, 0]
					}
				},
				"eye_mini1": {
					"position": {
						"0.0": [0, 0, 0],
						"0.125": [1, 0, 1]
					}
				},
				"eye_parte2": {
					"position": {
						"0.0": [0, 0, 0],
						"0.125": [-1, 0, 0]
					}
				},
				"eye_mini2": {
					"position": {
						"0.0": [0, 0, 0],
						"0.125": [-1, 0, 1]
					}
				}
			}
		},
		"animation.carkol.ground_idle": {
			"loop": true,
			"bones": {
				"leg1": {
					"rotation": [0, 0, "2.5+math.cos(query.anim_time*90*2-60)*1"]
				},
				"leg2": {
					"rotation": [0, 0, "2.5+math.cos(query.anim_time*90*2-60)*1"]
				},
				"leg3": {
					"rotation": [0, 0, "-2.5+math.cos(query.anim_time*90*2-60)*1"]
				},
				"leg4": {
					"rotation": [0, 0, "-2.5+math.cos(query.anim_time*90*2-60)*1"]
				},
				"torso": {
					"rotation": [" -2.5+math.cos(q.anim_time*90*1.8-60)*1", 0, "1.5+math.sin(q.anim_time*90*1.7-60)*1"],
					"position": [0, "-0-math.sin(q.anim_time*90*1-60)*1", 0]
				},
				"torso_blocks": {
					"rotation": [0, 0, "-1.5+math.cos(query.anim_time*90*2-60)*1"],
					"position": [0, 0, 0]
				},
				"head": {
					"rotation": ["5+math.sin(q.anim_time*90*1.7-60)*2", 0, 0],
					"position": [0, 0, 0]
				}
			}
		},
		"animation.carkol.recoil": {
			"animation_length": 1.2917,
			"bones": {
				"torso": {
					"rotation": {
						"0.0": [0, 0, 0],
						"0.375": [0, -2.5, 0],
						"1.2917": [0, 0, 0]
					}
				},
				"head": {
					"rotation": {
						"0.0": [0, 0, 0],
						"0.375": [0, -10, 0],
						"1.2917": [0, 0, 0]
					}
				},
				"eye_parte1": {
					"position": {
						"0.0": [0, 0, 0],
						"0.375": [1, 0, 0],
						"1.2917": [0, 0, 0]
					}
				},
				"eye_mini1": {
					"position": {
						"0.0": [0, 0, 0],
						"0.375": [1, 0, 1],
						"1.2917": [0, 0, 0]
					}
				},
				"eye_parte2": {
					"position": {
						"0.0": [0, 0, 0],
						"0.375": [-1, 0, 0],
						"1.2917": [0, 0, 0]
					}
				},
				"eye_mini2": {
					"position": {
						"0.0": [0, 0, 0],
						"0.375": [-1, 0, 1],
						"1.2917": [0, 0, 0]
					}
				}
			}
		},
		"animation.carkol.battle_idle": {
			"loop": true,
			"bones": {
				"torso": {
					"rotation": ["2.5-math.cos(q.anim_time*90*2-60)*1", 0, 0],
					"position": [0, "0.8-math.cos(q.anim_time*90*1-30)*1", 0]
				},
				"torso_blocks": {
					"rotation": ["-4.9944+math.sin(q.anim_time*90*1-60)*1", -0.25543, "-0.4869+math.cos(query.anim_time*90*2*1-90)*1"],
					"position": [0, 0, 0]
				},
				"head": {
					"rotation": [2.5, 0, 0],
					"position": [0, 0, 1]
				}
			}
		},
		"animation.carkol.ground_walk": {
			"loop": true,
			"animation_length": 2,
			"bones": {
				"leg1": {
					"rotation": {
						"0.0": {
							"post": [0, 0, 0],
							"lerp_mode": "catmullrom"
						},
						"1.0": {
							"post": [0, 0, 0],
							"lerp_mode": "catmullrom"
						},
						"2.0": {
							"post": [0, 0, 0],
							"lerp_mode": "catmullrom"
						}
					},
					"position": {
						"0.0": {
							"post": [0, 0, 1],
							"lerp_mode": "catmullrom"
						},
						"1.0": {
							"post": [0, 1, -2],
							"lerp_mode": "catmullrom"
						},
						"1.5": {
							"post": [0, -0.5, -0.5],
							"lerp_mode": "catmullrom"
						},
						"2.0": {
							"post": [0, 0, 1],
							"lerp_mode": "catmullrom"
						}
					}
				},
				"leg2": {
					"rotation": {
						"0.0": {
							"post": [2.5, 0, 0],
							"lerp_mode": "catmullrom"
						},
						"1.0": {
							"post": [0, 0, 0],
							"lerp_mode": "catmullrom"
						},
						"2.0": {
							"post": [2.5, 0, 0],
							"lerp_mode": "catmullrom"
						}
					},
					"position": {
						"0.0": {
							"post": [0, 1, -1],
							"lerp_mode": "catmullrom"
						},
						"0.5": {
							"post": [0, -0.5, -1],
							"lerp_mode": "catmullrom"
						},
						"1.0": {
							"post": [0, 0, -1],
							"lerp_mode": "catmullrom"
						},
						"2.0": {
							"post": [0, 1, -1],
							"lerp_mode": "catmullrom"
						}
					}
				},
				"leg3": {
					"rotation": {
						"0.0": {
							"post": [0, 0, 0],
							"lerp_mode": "catmullrom"
						},
						"1.0": {
							"post": [2.5, 0, 0],
							"lerp_mode": "catmullrom"
						},
						"2.0": {
							"post": [0, 0, 0],
							"lerp_mode": "catmullrom"
						}
					},
					"position": {
						"0.0": {
							"post": [0, 0, 0],
							"lerp_mode": "catmullrom"
						},
						"1.0": {
							"post": [0, 1, 0],
							"lerp_mode": "catmullrom"
						},
						"1.5": {
							"post": [0, -0.5, 0],
							"lerp_mode": "catmullrom"
						},
						"2.0": {
							"post": [0, 0, 0],
							"lerp_mode": "catmullrom"
						}
					}
				},
				"leg4": {
					"rotation": {
						"0.0": {
							"post": [-2.5, 0, 0],
							"lerp_mode": "catmullrom"
						},
						"0.5": {
							"post": [1.35, 0, 0],
							"lerp_mode": "catmullrom"
						},
						"1.0": {
							"post": [0, 0, 0],
							"lerp_mode": "catmullrom"
						},
						"2.0": {
							"post": [-2.5, 0, 0],
							"lerp_mode": "catmullrom"
						}
					},
					"position": {
						"0.0": {
							"post": [0, 1, -2],
							"lerp_mode": "catmullrom"
						},
						"0.5": {
							"post": [0, -0.5, 0],
							"lerp_mode": "catmullrom"
						},
						"1.0": {
							"post": [0, 0, 2],
							"lerp_mode": "catmullrom"
						},
						"2.0": {
							"post": [0, 1, -2],
							"lerp_mode": "catmullrom"
						}
					}
				},
				"torso": {
					"rotation": ["5+math.cos(q.anim_time*90*0.5-90)*1", "2.7.5+math.sin(q.anim_time*90*4-60)*5", "2.5+math.sin(q.anim_time*10*2-60)*1"],
					"position": {
						"0.0": [0, 0, 0],
						"1.0": [0, 1, 0],
						"2.0": [0, 0, 0]
					}
				},
				"torso_blocks": {
					"rotation": [-2.43897, 0, "-0.0424+math.cos(q.anim_time*90*4-60)*2"]
				},
				"head": {
					"rotation": {
						"0.0": [7.5, 0, 0],
						"1.0": [0, "0-math.sin(q.anim_time*90*1-60)*1", 0],
						"2.0": [7.5, 0, 0]
					}
				},
				"block2": {
					"rotation": [0, 0, "2.5-math.sin(q.anim_time*90*2-60)*2"]
				},
				"block3": {
					"rotation": [0, 0, "-2.5+math.sin(q.anim_time*90*2-60)*2"]
				}
			}
		},
		"animation.carkol.sleep": {
			"loop": true,
			"animation_length": 4,
			"bones": {
				"torso": {
					"position": [0, -2, 0]
				},
				"torso_blocks": {
					"position": [0, 0, 0]
				},
				"head": {
					"rotation": [15, 0, 0]
				},
				"eye_parte1": {
					"position": [1, 0, 0]
				},
				"eye_mini1": {
					"position": [1, 0, 1]
				},
				"eye_parte2": {
					"position": [-1, 0, 0]
				},
				"eye_mini2": {
					"position": [-1, 0, 2]
				}
			}
		},
		"animation.carkol.faint": {
			"animation_length": 8,
			"bones": {
				"leg1": {
					"rotation": {
						"0.0": {
							"post": [-27.5, 0, 0],
							"lerp_mode": "catmullrom"
						},
						"0.4167": {
							"post": [-17.5, 0, 0],
							"lerp_mode": "catmullrom"
						},
						"0.7083": {
							"post": [-60, 0, 0],
							"lerp_mode": "catmullrom"
						}
					},
					"position": {
						"0.0": {
							"post": [0, 2, -4],
							"lerp_mode": "catmullrom"
						},
						"0.4167": {
							"post": [0, 4, -3],
							"lerp_mode": "catmullrom"
						},
						"0.7083": {
							"post": [0, -3, -5],
							"lerp_mode": "catmullrom"
						}
					}
				},
				"leg4": {
					"rotation": {
						"0.0": {
							"post": [-27.5, 0, 0],
							"lerp_mode": "catmullrom"
						},
						"0.375": {
							"post": [-17.5, 0, 0],
							"lerp_mode": "catmullrom"
						},
						"0.7083": {
							"post": [-60, 0, 0],
							"lerp_mode": "catmullrom"
						}
					},
					"position": {
						"0.0": {
							"post": [0, 2, -4],
							"lerp_mode": "catmullrom"
						},
						"0.375": {
							"post": [0, 4, -3],
							"lerp_mode": "catmullrom"
						},
						"0.7083": {
							"post": [0, -3, -5],
							"lerp_mode": "catmullrom"
						}
					}
				},
				"torso": {
					"rotation": {
						"0.0": {
							"post": [-22.5, 0, 0],
							"lerp_mode": "catmullrom"
						},
						"0.4167": {
							"post": [-30, 0, 0],
							"lerp_mode": "catmullrom"
						},
						"0.8333": {
							"post": [12.5, 0, 0],
							"lerp_mode": "catmullrom"
						}
					},
					"position": {
						"0.0": {
							"post": [0, 2, -2],
							"lerp_mode": "catmullrom"
						},
						"0.8333": {
							"post": [0, -1, 1],
							"lerp_mode": "catmullrom"
						}
					}
				},
				"torso_blocks": {
					"rotation": {
						"0.0": {
							"post": [-5, 0, 0],
							"lerp_mode": "catmullrom"
						},
						"0.3333": {
							"post": [-10, 0, 0],
							"lerp_mode": "catmullrom"
						},
						"0.5833": {
							"post": [-7.5, 0, 0],
							"lerp_mode": "catmullrom"
						}
					},
					"position": {
						"0.0": {
							"post": [0, 0, 0],
							"lerp_mode": "catmullrom"
						},
						"0.3333": {
							"post": [0, 0, -1],
							"lerp_mode": "catmullrom"
						},
						"0.5833": {
							"post": [0, 0, -2],
							"lerp_mode": "catmullrom"
						}
					}
				},
				"head": {
					"rotation": {
						"0.0": {
							"post": [0, 0, 0],
							"lerp_mode": "catmullrom"
						},
						"0.2917": {
							"post": [-27.5, 0, 0],
							"lerp_mode": "catmullrom"
						},
						"0.7083": {
							"post": [15, 0, 0],
							"lerp_mode": "catmullrom"
						},
						"1.0417": {
							"post": [32.5, 0, 0],
							"lerp_mode": "catmullrom"
						}
					},
					"position": {
						"0.0": {
							"post": [0, 0, 0],
							"lerp_mode": "catmullrom"
						},
						"0.7083": {
							"post": [0, 0, 0],
							"lerp_mode": "catmullrom"
						},
						"1.0417": {
							"post": [0, 0, -1],
							"lerp_mode": "catmullrom"
						}
					}
				},
				"eye_parte1": {
					"position": {
						"0.0": {
							"post": [1, 0, 0],
							"lerp_mode": "catmullrom"
						},
						"0.3333": {
							"post": [0, 0, 0],
							"lerp_mode": "catmullrom"
						},
						"0.5833": {
							"post": [1, 0, 0],
							"lerp_mode": "catmullrom"
						}
					}
				},
				"eye_mini1": {
					"position": {
						"0.0": {
							"post": [1, 0, 1],
							"lerp_mode": "catmullrom"
						},
						"0.3333": {
							"post": [0, 0, 0],
							"lerp_mode": "catmullrom"
						},
						"0.5833": {
							"post": [1, 0, 2],
							"lerp_mode": "catmullrom"
						}
					}
				},
				"eye_parte2": {
					"position": {
						"0.0": {
							"post": [-1, 0, 0],
							"lerp_mode": "catmullrom"
						},
						"0.3333": {
							"post": [0, 0, 0],
							"lerp_mode": "catmullrom"
						},
						"0.5833": {
							"post": [-1, 0, 0],
							"lerp_mode": "catmullrom"
						}
					}
				},
				"eye_mini2": {
					"position": {
						"0.0": {
							"post": [-1, 0, 1],
							"lerp_mode": "catmullrom"
						},
						"0.3333": {
							"post": [0, 0, 0],
							"lerp_mode": "catmullrom"
						},
						"0.5833": {
							"post": [-3, 0, 1],
							"lerp_mode": "catmullrom"
						}
					}
				}
			}
		},
		"animation.carkol.cry": {
			"animation_length": 1,
			"bones": {
				"leg2": {
					"rotation": [0, 0, 0]
				},
				"head": {
					"rotation": {
						"0.0": [0, 0, 0],
						"0.2917": [-25, 0, 0],
						"1.0": [0, 0, 0]
					}
				}
			},
			"sound_effects": {
				"0.2917": {
					"effect": "pokemon.carkol.cry"
				}
			}
		},
		"animation.carkol.physical": {
			"animation_length": 1.375,
			"bones": {
				"leg1": {
					"rotation": {
						"0.0": {
							"post": [0, 0, 0],
							"lerp_mode": "catmullrom"
						},
						"0.5": {
							"post": [-35, 0, 0],
							"lerp_mode": "catmullrom"
						},
						"0.875": {
							"post": [-17.5, 0, 0],
							"lerp_mode": "catmullrom"
						},
						"1.375": {
							"post": [0, 0, 0],
							"lerp_mode": "catmullrom"
						}
					},
					"position": {
						"0.0": {
							"post": [0, 0, 0],
							"lerp_mode": "catmullrom"
						},
						"0.5": {
							"post": [0, 1, -3],
							"lerp_mode": "catmullrom"
						},
						"0.875": {
							"post": [0, 0, -3],
							"lerp_mode": "catmullrom"
						},
						"1.0833": {
							"post": [0, -1.07, -2.23],
							"lerp_mode": "catmullrom"
						},
						"1.375": {
							"post": [0, 0, 0],
							"lerp_mode": "catmullrom"
						}
					}
				},
				"leg4": {
					"rotation": {
						"0.0": {
							"post": [0, 0, 0],
							"lerp_mode": "catmullrom"
						},
						"0.5": {
							"post": [-35, 0, 0],
							"lerp_mode": "catmullrom"
						},
						"0.875": {
							"post": [-17.5, 0, 0],
							"lerp_mode": "catmullrom"
						},
						"1.375": {
							"post": [0, 0, 0],
							"lerp_mode": "catmullrom"
						}
					},
					"position": {
						"0.0": {
							"post": [0, 0, 0],
							"lerp_mode": "catmullrom"
						},
						"0.5": {
							"post": [0, 1, -3],
							"lerp_mode": "catmullrom"
						},
						"0.875": {
							"post": [0, 0, -3],
							"lerp_mode": "catmullrom"
						},
						"1.0833": {
							"post": [0, -1.07, -2.23],
							"lerp_mode": "catmullrom"
						},
						"1.375": {
							"post": [0, 0, 0],
							"lerp_mode": "catmullrom"
						}
					}
				},
				"torso": {
					"rotation": {
						"0.0": {
							"post": [0, 0, 0],
							"lerp_mode": "catmullrom"
						},
						"0.5": {
							"post": [-12.5, 0, 0],
							"lerp_mode": "catmullrom"
						},
						"0.875": {
							"post": [12.5, 0, 0],
							"lerp_mode": "catmullrom"
						},
						"1.2917": {
							"post": [0, 0, 0],
							"lerp_mode": "catmullrom"
						}
					},
					"position": {
						"0.0": {
							"post": [0, 0, 0],
							"lerp_mode": "catmullrom"
						},
						"0.875": {
							"post": [0, 1, 2],
							"lerp_mode": "catmullrom"
						},
						"1.2917": {
							"post": [0, 0, 0],
							"lerp_mode": "catmullrom"
						}
					}
				},
				"torso_blocks": {
					"rotation": {
						"0.0": {
							"post": [0, 0, 0],
							"lerp_mode": "catmullrom"
						},
						"0.875": {
							"post": [-10, 0, 0],
							"lerp_mode": "catmullrom"
						},
						"1.2917": {
							"post": [0, 0, 0],
							"lerp_mode": "catmullrom"
						}
					},
					"position": {
						"0.0": {
							"post": [0, 0, 0],
							"lerp_mode": "catmullrom"
						},
						"0.875": {
							"post": [0, 0, -1],
							"lerp_mode": "catmullrom"
						},
						"1.2917": {
							"post": [0, 0, 0],
							"lerp_mode": "catmullrom"
						}
					}
				},
				"head": {
					"rotation": {
						"0.0": {
							"post": [0, 0, 0],
							"lerp_mode": "catmullrom"
						},
						"0.5": {
							"post": [-15, 0, 0],
							"lerp_mode": "catmullrom"
						},
						"0.875": {
							"post": [0, 0, 0],
							"lerp_mode": "catmullrom"
						},
						"1.2917": {
							"post": [0, 0, 0],
							"lerp_mode": "catmullrom"
						}
					}
				}
			}
		}
	}
}