{
	"format_version": "1.8.0",
	"animations": {
		"animation.mienfoo.blink": {
			"animation_length": 0.25,
			"bones": {
				"eyes": {
					"position": {
						"0.0": [0, 0, 0],
						"0.25": [1, 0, 0]
					}
				},
				"hand0": {
					"rotation": [30, 0, 0],
					"position": [0, 4, 10]
				},
				"hand1": {
					"rotation": [-30, 0, 0],
					"position": [0, 4, -10]
				}
			}
		},
		"animation.mienfoo.sleep": {
			"loop": true,
			"animation_length": 1,
			"bones": {
				"legs": {
					"rotation": [-90, 0, 0],
					"position": [0, 5, -5]
				},
				"leg1": {
					"rotation": [0, 0, 10],
					"position": [-2, 0, -1]
				},
				"leg2": {
					"rotation": [0, 0, -10],
					"position": [2, 0, 0]
				},
				"torso": {
					"position": [0, -4, 0]
				},
				"torsomini": {
					"position": [0, -1, 0]
				},
				"head": {
					"rotation": [0.69604, 0.30613, -32.48174],
					"position": [0, -3, 0]
				},
				"eyes": {
					"position": [1, 0, 0]
				},
				"bigote1": {
					"rotation": [-4.76241, -1.51044, -0.14532],
					"position": [0, 0, -2]
				},
				"bigote2": {
					"rotation": [4.76785, 1.49315, 0.2703],
					"position": [0, 0, 2]
				},
				"hand0": {
					"rotation": [0.64686, 0.08508, -14.98541],
					"position": [7, -1, 0]
				},
				"part_hand0": {
					"rotation": [171.96237, 79.89434, 157.22876],
					"position": [3, 0, -4]
				},
				"hand1": {
					"rotation": [0.64686, 0.08508, -14.98541],
					"position": [7, -1, 0]
				},
				"part_hand1": {
					"rotation": [178.1181, -80.01608, -185.63952],
					"position": [8, 0, 11]
				},
				"line": {
					"rotation": [-1.75568, 25.23365, 36.72152],
					"position": [-6, 6, 3]
				},
				"partmine0": {
					"position": [0, 1, 0]
				},
				"legnime1": {
					"rotation": [0, 0, -17.5],
					"position": [0, 2, 1]
				},
				"hoidos": {
					"rotation": [0, 0, -10],
					"position": [6, 0, 0]
				},
				"legnime2": {
					"rotation": [0, 0, 17.5],
					"position": [0, 2, 0]
				}
			}
		},
		"animation.mienfoo.battle_idle": {
			"loop": true,
			"bones": {
				"leg1": {
					"rotation": [-27.5, "25+math.cos(q.anim_time*90*1-60)*1", 0],
					"position": [-4, 0, -4]
				},
				"legmini1": {
					"rotation": [19.98247, 0.85481, -2.34941],
					"position": [0, -1, -3]
				},
				"legparte1": {
					"rotation": [27.5, 0, 0],
					"position": [0, 0, -2]
				},
				"legnime1": {
					"rotation": [7.61435, 9.91358, 1.31845],
					"position": [0, 0, 0]
				},
				"leg2": {
					"rotation": [2.72535, -47.44052, -13.69768],
					"position": [1, 0, 0]
				},
				"legmini2": {
					"position": [0, -1, 0]
				},
				"legparte2": {
					"rotation": [0, 0, 5],
					"position": [0, 0, 0]
				},
				"legnime2": {
					"rotation": [-0.33412, -12.49274, 2.55092]
				},
				"torsoparte": {
					"rotation": ["-0.0773+math.sin(q.anim_time*90*1-60)*1", -24.99797, "0.3389+math.sin(q.anim_time*90*1-60)*0.5"],
					"position": [0, 0, 2]
				},
				"head": {
					"rotation": [-4.51859, 12.96163, "-12.7499+math.sin(query.anim_time*90*1+60)*1"],
					"position": [0, -1, 0]
				},
				"hoidos": {
					"rotation": [0, 0, 0],
					"position": [0, 0, 0]
				},
				"hand0": {
					"rotation": [-17.798, "-49.969-math.sin(q.anim_time*90*1-60)*1", "0.2943-math.sin(q.anim_time*50*1-60)*1"],
					"position": [6, 0, -5]
				},
				"part_hand0": {
					"rotation": ["0-math.cos(q.anim_time*90*1-90)*1", 35, 0],
					"position": [2, 0, 0]
				},
				"hand1": {
					"rotation": ["-725.5935+math.sin(q.anim_time*90*1.5-60)*0.5", "-20.4567-math.sin(q.anim_time*90*1.5-100)*1.5", -727.04828],
					"position": [6, 0, -3]
				},
				"part_hand1": {
					"rotation": ["-5.15291+math.cos(q.anim_time*90*0.8-60)*0.8", -19.32001, 0.87854],
					"position": [4, 1, -1]
				},
				"line": {
					"rotation": [7.14938, "-31.67749+math.sin(q.anim_time*120*1-60)*1", "-19.73331-math.cos(q.anim_time*90*1-60)*1"],
					"position": [5, 0, -2]
				},
				"torso": {
					"position": [0, "math.sin(q.anim_time*90*0*60)*1", 0]
				},
				"torsomini": {
					"rotation": [0, -5, "1+math.sin(q.anim_time*90*1)*1"]
				}
			}
		},
		"animation.mienfoo.cry": {
			"animation_length": 1.3,
			"bones": {
				"head": {
					"rotation": {
						"0.0": [0, 0, 0],
						"0.5": [0, 0, 17.5],
						"1.3": [0, 0, 0]
					}
				},
				"nose": {
					"rotation": {
						"0.0": [0, 0, 0],
						"0.5": [0, 0, 5],
						"1.3": [0, 0, 0]
					},
					"position": {
						"0.0": [0, 0, 0],
						"0.5": [-2, 0, 0],
						"1.3": [0, 0, 0]
					}
				}
			},
			"sound_effects": {
				"0.5": {
					"effect": "pokemon.mienfoo.cry"
				}
			}
		},
		"animation.mienfoo.tonque_quirk": {
			"animation_length": 2
		},
		"animation.mienfoo.smile_quirk": {
			"animation_length": 1.5
		},
		"animation.mienfoo.recoil": {
			"animation_length": 1.1667,
			"bones": {
				"leg2": {
					"rotation": {
						"0.0": {
							"post": [0, 0, 0],
							"lerp_mode": "catmullrom"
						},
						"0.5833": {
							"post": [0, -22.5, 0],
							"lerp_mode": "catmullrom"
						},
						"1.1667": {
							"post": [0, 0, 0],
							"lerp_mode": "catmullrom"
						}
					}
				},
				"legnime2": {
					"rotation": {
						"0.0": {
							"post": [0, 0, 0],
							"lerp_mode": "catmullrom"
						},
						"0.5833": {
							"post": [2.5, -10, 0],
							"lerp_mode": "catmullrom"
						},
						"1.1667": {
							"post": [0, 0, 0],
							"lerp_mode": "catmullrom"
						}
					}
				},
				"head": {
					"rotation": {
						"0.0": {
							"post": [0, 0, 0],
							"lerp_mode": "catmullrom"
						},
						"0.5833": {
							"post": [2.76604, 22.31883, 8.10353],
							"lerp_mode": "catmullrom"
						},
						"1.1667": {
							"post": [0, 0, 0],
							"lerp_mode": "catmullrom"
						}
					}
				},
				"eyes": {
					"position": {
						"0.0": {
							"post": [0, 0, 0],
							"lerp_mode": "catmullrom"
						},
						"0.5833": {
							"post": [1, 0, 0],
							"lerp_mode": "catmullrom"
						},
						"1.1667": {
							"post": [0, 0, 0],
							"lerp_mode": "catmullrom"
						}
					}
				},
				"line": {
					"rotation": {
						"0.0": {
							"post": [0, 0, 0],
							"lerp_mode": "catmullrom"
						},
						"0.5833": {
							"post": [-2.26708, 7.15102, -17.64168],
							"lerp_mode": "catmullrom"
						},
						"1.1667": {
							"post": [0, 0, 0],
							"lerp_mode": "catmullrom"
						}
					},
					"position": {
						"0.0": {
							"post": [0, 0, 0],
							"lerp_mode": "catmullrom"
						},
						"0.5833": {
							"post": [3, -1, 1],
							"lerp_mode": "catmullrom"
						},
						"1.1667": {
							"post": [0, 0, 0],
							"lerp_mode": "catmullrom"
						}
					}
				}
			}
		},
		"animation.mienfoo.ground_idle": {
			"loop": true,
			"bones": {
				"leg1": {
					"rotation": ["0-math.sin(q.anim_time*90*2-60)*1", "10-math.sin(q.anim_time*90*1-60)*1", "7.5-math.sin(q.anim_time*90*1.15-60)*1.15"],
					"position": [-1, 0, 0]
				},
				"legparte1": {
					"rotation": [0, 0, -5]
				},
				"leg2": {
					"rotation": ["0-math.sin(q.anim_time*90*2-60)*1", "-10-math.sin(q.anim_time*90*1-60)*1", "-7.5-math.sin(q.anim_time*90*1.15-60)*1.15"],
					"position": [1, 0, 0]
				},
				"legparte2": {
					"rotation": [0, 0, 5]
				},
				"torsoparte": {
					"rotation": [0, 0, "-2.5-math.sin(q.anim_time*90*1.25-100)*1.25"],
					"position": [1, 0, 0]
				},
				"head": {
					"rotation": [0, 0, "-2.5-math.sin(q.anim_time*90*1-60)*1"],
					"position": [-1, 0, 0]
				},
				"hands": {
					"rotation": [0, 0, "-90+math.sin(q.anim_tim*90*3-60)*4"],
					"position": [22, "15-math.sin(q.anim_time*90*1-60)*0.25", 0]
				},
				"hand0": {
					"rotation": [0, 17.5, 0],
					"position": [6, -1, 1]
				},
				"part_hand0": {
					"rotation": ["-20-math.sin(q.anim_time*90*1-60)*1.1", 32.5, 0],
					"position": [2.37253, -0.82635, 0.29328]
				},
				"hand1": {
					"rotation": [0, -17.5, 0],
					"position": [6, -1, -1]
				},
				"part_hand1": {
					"rotation": ["20-math.sin(q.anim_time*90*1-60)*1.1", -32.5, 0],
					"position": [5.37253, -2.82635, 0.70672]
				},
				"line": {
					"rotation": [0, "0+math.sin(q.anim_time*120*1-120)*1.5", "-27.5-math.sin(q.anim_time*120*1-60)*1"],
					"position": [6, 0, 0]
				}
			}
		},
		"animation.mienfoo.physical": {
			"animation_length": 1.0417,
			"bones": {
				"torsoparte": {
					"rotation": {
						"0.0": {
							"post": [0, 0, 0],
							"lerp_mode": "catmullrom"
						},
						"0.2917": {
							"post": [0, 0, 3.46],
							"lerp_mode": "catmullrom"
						},
						"0.5417": {
							"post": [0, 0, -7.5],
							"lerp_mode": "catmullrom"
						},
						"1.0417": {
							"post": [0, 0, 0],
							"lerp_mode": "catmullrom"
						}
					}
				},
				"hand1": {
					"rotation": {
						"0.0": {
							"post": [0, 0, 0],
							"lerp_mode": "catmullrom"
						},
						"0.2917": {
							"post": [0, 42.5, 0],
							"lerp_mode": "catmullrom"
						},
						"0.5417": {
							"post": [0, -72.5, 0],
							"lerp_mode": "catmullrom"
						},
						"1.0417": {
							"post": [0, 0, 0],
							"lerp_mode": "catmullrom"
						}
					},
					"position": {
						"0.0": {
							"post": [0, 0, 0],
							"lerp_mode": "catmullrom"
						},
						"0.4167": {
							"post": [3.08, 0, -0.46],
							"lerp_mode": "catmullrom"
						},
						"0.5417": {
							"post": [3, 0, 2],
							"lerp_mode": "catmullrom"
						},
						"1.0417": {
							"post": [0, 0, 0],
							"lerp_mode": "catmullrom"
						}
					}
				},
				"part_hand1": {
					"rotation": {
						"0.0": {
							"post": [0, 0, 0],
							"lerp_mode": "catmullrom"
						},
						"0.2917": {
							"post": [0, 30, 0],
							"lerp_mode": "catmullrom"
						},
						"0.5417": {
							"post": [0, -17.5, 0],
							"lerp_mode": "catmullrom"
						},
						"1.0417": {
							"post": [0, 0, 0],
							"lerp_mode": "catmullrom"
						}
					},
					"position": {
						"0.0": {
							"post": [0, 0, 0],
							"lerp_mode": "catmullrom"
						},
						"0.2917": {
							"post": [-5, 0, -1],
							"lerp_mode": "catmullrom"
						},
						"0.5417": {
							"post": [3, 0, 0],
							"lerp_mode": "catmullrom"
						},
						"1.0417": {
							"post": [0, 0, 0],
							"lerp_mode": "catmullrom"
						}
					}
				},
				"partmine1": {
					"rotation": {
						"0.0": {
							"post": [0, 0, 0],
							"lerp_mode": "catmullrom"
						},
						"0.5417": {
							"post": [12.5, 0, 0],
							"lerp_mode": "catmullrom"
						},
						"1.0417": {
							"post": [0, 0, 0],
							"lerp_mode": "catmullrom"
						}
					},
					"position": {
						"0.0": {
							"post": [0, 0, 0],
							"lerp_mode": "catmullrom"
						},
						"0.5417": {
							"post": [0, -3, 5],
							"lerp_mode": "catmullrom"
						},
						"1.0417": {
							"post": [0, 0, 0],
							"lerp_mode": "catmullrom"
						}
					}
				},
				"line": {
					"rotation": {
						"0.0": {
							"post": [0, 0, 0],
							"lerp_mode": "catmullrom"
						},
						"0.2917": {
							"post": [0, 20, 0],
							"lerp_mode": "catmullrom"
						},
						"0.5417": {
							"post": [0, -20, 0],
							"lerp_mode": "catmullrom"
						},
						"1.0417": {
							"post": [0, 0, 0],
							"lerp_mode": "catmullrom"
						}
					},
					"position": {
						"0.0": {
							"post": [0, 0, 0],
							"lerp_mode": "catmullrom"
						},
						"0.2917": {
							"post": [0, 0, 3],
							"lerp_mode": "catmullrom"
						},
						"0.5417": {
							"post": [0, 0, -3],
							"lerp_mode": "catmullrom"
						},
						"1.0417": {
							"post": [0, 0, 0],
							"lerp_mode": "catmullrom"
						}
					}
				}
			}
		},
		"animation.mienfoo.special": {
			"animation_length": 1.125,
			"bones": {
				"leg1": {
					"rotation": {
						"0.0": {
							"post": [0, 0, 0],
							"lerp_mode": "catmullrom"
						},
						"0.2917": {
							"post": [0, 47.5, 0],
							"lerp_mode": "catmullrom"
						},
						"1.125": {
							"post": [0, 0, 0],
							"lerp_mode": "catmullrom"
						}
					},
					"position": {
						"0.0": {
							"post": [0, 0, 0],
							"lerp_mode": "catmullrom"
						},
						"0.5417": {
							"post": [-3, 0, -2],
							"lerp_mode": "catmullrom"
						},
						"1.125": {
							"post": [0, 0, 0],
							"lerp_mode": "catmullrom"
						}
					}
				},
				"leg2": {
					"rotation": {
						"0.0": {
							"post": [0, 0, 0],
							"lerp_mode": "catmullrom"
						},
						"0.2917": {
							"post": [-82.5, 0, 0],
							"lerp_mode": "catmullrom"
						},
						"0.5417": {
							"post": [-80.2484, -39.58992, -6.25038],
							"lerp_mode": "catmullrom"
						},
						"1.125": {
							"post": [0, 0, 0],
							"lerp_mode": "catmullrom"
						}
					},
					"position": {
						"0.0": {
							"post": [0, 0, 0],
							"lerp_mode": "catmullrom"
						},
						"0.2917": {
							"post": [0, 10, -11],
							"lerp_mode": "catmullrom"
						},
						"0.5417": {
							"post": [8, 10, -7],
							"lerp_mode": "catmullrom"
						},
						"1.125": {
							"post": [0, 0, 0],
							"lerp_mode": "catmullrom"
						}
					}
				},
				"legmini2": {
					"rotation": {
						"0.0": {
							"post": [0, 0, 0],
							"lerp_mode": "catmullrom"
						},
						"0.2917": {
							"post": [20, 0, 0],
							"lerp_mode": "catmullrom"
						},
						"1.125": {
							"post": [0, 0, 0],
							"lerp_mode": "catmullrom"
						}
					},
					"position": {
						"0.0": {
							"post": [0, 0, 0],
							"lerp_mode": "catmullrom"
						},
						"0.2917": {
							"post": [0, -1, 1],
							"lerp_mode": "catmullrom"
						},
						"1.125": {
							"post": [0, 0, 0],
							"lerp_mode": "catmullrom"
						}
					}
				},
				"legparte2": {
					"rotation": {
						"0.0": {
							"post": [0, 0, 0],
							"lerp_mode": "catmullrom"
						},
						"0.2917": {
							"post": [27.5, 0, 0],
							"lerp_mode": "catmullrom"
						},
						"1.125": {
							"post": [0, 0, 0],
							"lerp_mode": "catmullrom"
						}
					},
					"position": {
						"0.0": {
							"post": [0, 0, 0],
							"lerp_mode": "catmullrom"
						},
						"0.2917": {
							"post": [0, 0, 3],
							"lerp_mode": "catmullrom"
						},
						"1.125": {
							"post": [0, 0, 0],
							"lerp_mode": "catmullrom"
						}
					}
				},
				"legnime2": {
					"rotation": {
						"0.0": {
							"post": [0, 0, 0],
							"lerp_mode": "catmullrom"
						},
						"1.125": {
							"post": [0, 0, 0],
							"lerp_mode": "catmullrom"
						}
					},
					"position": {
						"0.0": {
							"post": [0, 0, 0],
							"lerp_mode": "catmullrom"
						},
						"1.125": {
							"post": [0, 0, 0],
							"lerp_mode": "catmullrom"
						}
					}
				},
				"torsoparte": {
					"rotation": {
						"0.0": {
							"post": [0, 0, 0],
							"lerp_mode": "catmullrom"
						},
						"0.2917": {
							"post": [0, 35, 0],
							"lerp_mode": "catmullrom"
						},
						"0.5417": {
							"post": [0, -25, 0],
							"lerp_mode": "catmullrom"
						},
						"1.125": {
							"post": [0, 0, 0],
							"lerp_mode": "catmullrom"
						}
					}
				},
				"head": {
					"rotation": {
						"0.0": {
							"post": [0, 0, 0],
							"lerp_mode": "catmullrom"
						},
						"0.5417": {
							"post": [0, -22.5, 0],
							"lerp_mode": "catmullrom"
						},
						"1.125": {
							"post": [0, 0, 0],
							"lerp_mode": "catmullrom"
						}
					}
				},
				"hand1": {
					"rotation": {
						"0.0": {
							"post": [0, 0, 0],
							"lerp_mode": "catmullrom"
						},
						"0.2917": {
							"post": [0, 27.5, 0],
							"lerp_mode": "catmullrom"
						},
						"0.5417": {
							"post": [0, 0, 0],
							"lerp_mode": "catmullrom"
						},
						"1.125": {
							"post": [0, 0, 0],
							"lerp_mode": "catmullrom"
						}
					}
				},
				"part_hand1": {
					"rotation": {
						"0.0": {
							"post": [0, 0, 0],
							"lerp_mode": "catmullrom"
						},
						"0.2917": {
							"post": [0, 12.5, 0],
							"lerp_mode": "catmullrom"
						},
						"0.5417": {
							"post": [0, 0, 0],
							"lerp_mode": "catmullrom"
						},
						"1.125": {
							"post": [0, 0, 0],
							"lerp_mode": "catmullrom"
						}
					},
					"position": {
						"0.0": {
							"post": [0, 0, 0],
							"lerp_mode": "catmullrom"
						},
						"0.2917": {
							"post": [-2, 0, 0],
							"lerp_mode": "catmullrom"
						},
						"0.5417": {
							"post": [0, 0, 0],
							"lerp_mode": "catmullrom"
						},
						"1.125": {
							"post": [0, 0, 0],
							"lerp_mode": "catmullrom"
						}
					}
				}
			}
		},
		"animation.mienfoo.pose": {
			"animation_length": 4,
			"bones": {
				"leg1": {
					"rotation": [-27.5, 25, 0],
					"position": [-4, 0, -4]
				},
				"legmini1": {
					"rotation": [19.98247, 0.85481, -2.34941],
					"position": [0, -1, -3]
				},
				"legparte1": {
					"rotation": [27.5, 0, 0],
					"position": [0, 0, -2]
				},
				"legnime1": {
					"rotation": [7.61435, 9.91358, 1.31845],
					"position": [0, 0, 0]
				},
				"leg2": {
					"rotation": [2.72535, -47.44052, -13.69768],
					"position": [1, 0, 0]
				},
				"legmini2": {
					"position": [0, -1, 0]
				},
				"legparte2": {
					"rotation": [0, 0, 5],
					"position": [0, 0, 0]
				},
				"legnime2": {
					"rotation": [-0.33412, -12.49274, 2.55092]
				},
				"torsoparte": {
					"rotation": [-0.0773, -24.99797, 0.3389],
					"position": [0, 0, 2]
				},
				"torsomini": {
					"rotation": [0, -5, 1]
				},
				"head": {
					"rotation": [-4.51859, 12.96163, -12.7499],
					"position": [0, -1, 0]
				},
				"hand0": {
					"rotation": [-17.798, -49.969, 0.2943],
					"position": [6, 0, -5]
				},
				"part_hand0": {
					"rotation": [0, 35, 0],
					"position": [2, 0, 0]
				},
				"hand1": {
					"rotation": [-725.5935, -20.4567, -727.04828],
					"position": [6, 0, -3]
				},
				"part_hand1": {
					"rotation": [-5.15291, -19.32001, 0.87854],
					"position": [4, 1, -1]
				},
				"line": {
					"rotation": [7.14938, -31.67749, -19.73331],
					"position": [5, 0, -2]
				}
			}
		},
		"animation.mienfoo.faint": {
			"animation_length": 9,
			"bones": {
				"leg1": {
					"rotation": {
						"0.0": {
							"post": [-27.5, 25, 0],
							"lerp_mode": "catmullrom"
						},
						"0.4167": {
							"post": [-30.2252, 33.76544, -5.53485],
							"lerp_mode": "catmullrom"
						},
						"0.7083": {
							"post": [-11.36573, 42.88904, 24.3594],
							"lerp_mode": "catmullrom"
						}
					},
					"position": {
						"0.0": {
							"post": [-4, 0, -4],
							"lerp_mode": "catmullrom"
						},
						"0.4167": {
							"post": [-4, 0, -2],
							"lerp_mode": "catmullrom"
						},
						"0.7083": {
							"post": [-5, 0, -2],
							"lerp_mode": "catmullrom"
						}
					}
				},
				"legmini1": {
					"rotation": {
						"0.0": {
							"post": [19.98247, 0.85481, -2.34941],
							"lerp_mode": "catmullrom"
						}
					},
					"position": {
						"0.0": {
							"post": [0, -1, -3],
							"lerp_mode": "catmullrom"
						}
					}
				},
				"legparte1": {
					"rotation": [27.5, 0, 0],
					"position": [0, 0, -2]
				},
				"legnime1": {
					"rotation": {
						"0.0": {
							"post": [7.61435, 9.91358, 1.31845],
							"lerp_mode": "catmullrom"
						},
						"1.0417": {
							"post": [7.7614, -14.8687, -2.00306],
							"lerp_mode": "catmullrom"
						}
					},
					"position": {
						"0.0": {
							"post": [0, 0, 0],
							"lerp_mode": "catmullrom"
						}
					}
				},
				"leg2": {
					"rotation": {
						"0.0": {
							"post": [6.09844, -72.37922, -17.50388],
							"lerp_mode": "catmullrom"
						},
						"0.4167": {
							"post": [2.40423, -39.94798, -13.23383],
							"lerp_mode": "catmullrom"
						}
					},
					"position": {
						"0.0": {
							"post": [1, 0, 0],
							"lerp_mode": "catmullrom"
						},
						"0.4167": {
							"post": [4, 0, 0],
							"lerp_mode": "catmullrom"
						}
					}
				},
				"legmini2": {
					"position": {
						"0.0": {
							"post": [0, -1, 0],
							"lerp_mode": "catmullrom"
						}
					}
				},
				"legparte2": {
					"rotation": [0, 0, 5],
					"position": [0, 0, 0]
				},
				"legnime2": {
					"rotation": {
						"0.0": {
							"post": [-0.33412, -12.49274, 2.55092],
							"lerp_mode": "catmullrom"
						}
					}
				},
				"torsoparte": {
					"rotation": {
						"0.0": {
							"post": [-8.2071, -46.95234, 11.4065],
							"lerp_mode": "catmullrom"
						}
					},
					"position": {
						"0.0": {
							"post": [0, 0, 2],
							"lerp_mode": "catmullrom"
						}
					}
				},
				"torsomini": {
					"rotation": {
						"0.0": {
							"post": [0, -5, 1],
							"lerp_mode": "catmullrom"
						}
					}
				},
				"head": {
					"rotation": {
						"0.0": {
							"post": [15.42471, 16.62026, 21.98967],
							"lerp_mode": "catmullrom"
						},
						"0.4167": {
							"post": [21.01317, 19.83127, 45.20942],
							"lerp_mode": "catmullrom"
						},
						"0.7083": {
							"post": [8.25829, 12.83338, 61.94169],
							"lerp_mode": "catmullrom"
						}
					},
					"position": {
						"0.0": {
							"post": [0, -1, 0],
							"lerp_mode": "catmullrom"
						},
						"0.4167": {
							"post": [0, 0, 1],
							"lerp_mode": "catmullrom"
						}
					}
				},
				"hand0": {
					"rotation": {
						"0.0": {
							"post": [-12.3654, -23.35318, -8.54902],
							"lerp_mode": "catmullrom"
						},
						"0.4167": {
							"post": [23.23703, 8.74383, 5.72083],
							"lerp_mode": "catmullrom"
						}
					},
					"position": {
						"0.0": {
							"post": [6, 0, -5],
							"lerp_mode": "catmullrom"
						},
						"0.4167": {
							"post": [0, 3, 8],
							"lerp_mode": "catmullrom"
						}
					}
				},
				"part_hand0": {
					"rotation": [0, 35, 0],
					"position": [2, 0, 0]
				},
				"hand1": {
					"rotation": {
						"0.0": {
							"post": [-732.82926, -10.50184, -728.03461],
							"lerp_mode": "catmullrom"
						},
						"0.4167": {
							"post": [-750.37192, 24.79027, -747.336],
							"lerp_mode": "catmullrom"
						},
						"0.7083": {
							"post": [-763.22662, 56.2838, -744.64004],
							"lerp_mode": "catmullrom"
						}
					},
					"position": {
						"0.0": {
							"post": [6, 1, -6],
							"lerp_mode": "catmullrom"
						},
						"0.4167": {
							"post": [4, 3, -10],
							"lerp_mode": "catmullrom"
						},
						"0.7083": {
							"post": [-5, 3, -7],
							"lerp_mode": "catmullrom"
						}
					}
				},
				"part_hand1": {
					"rotation": {
						"0.0": {
							"post": [-5.15291, -19.32001, 0.87854],
							"lerp_mode": "catmullrom"
						},
						"0.7083": {
							"post": [-4.91085, 8.07807, -1.52212],
							"lerp_mode": "catmullrom"
						}
					},
					"position": {
						"0.0": {
							"post": [4, 1, -1],
							"lerp_mode": "catmullrom"
						},
						"0.7083": {
							"post": [-1, 1, -1],
							"lerp_mode": "catmullrom"
						}
					}
				},
				"line": {
					"rotation": [7.14938, -31.67749, -19.73331],
					"position": [5, 0, -2]
				},
				"legs": {
					"rotation": {
						"0.0": {
							"post": [0, 0, 0],
							"lerp_mode": "catmullrom"
						},
						"0.7083": {
							"post": [-55, 52.5, 0],
							"lerp_mode": "catmullrom"
						},
						"1.0417": {
							"post": [-115.9313, 56.32404, -71.72925],
							"lerp_mode": "catmullrom"
						}
					}
				},
				"torso": {
					"rotation": {
						"0.0": {
							"post": [0, 0, 0],
							"lerp_mode": "catmullrom"
						},
						"0.4167": {
							"post": [0, 42.5, 0],
							"lerp_mode": "catmullrom"
						},
						"0.7083": {
							"post": [-23.70348, 73.13505, 60.52972],
							"lerp_mode": "catmullrom"
						},
						"1.0417": {
							"post": [-25.36115, 112.10369, 43.1496],
							"lerp_mode": "catmullrom"
						}
					},
					"position": {
						"0.0": {
							"post": [0, 0, 0],
							"lerp_mode": "catmullrom"
						},
						"0.4167": {
							"post": [0, 0, -1],
							"lerp_mode": "catmullrom"
						}
					}
				},
				"eyes": {
					"position": {
						"0.0": {
							"post": [1, 0, 0],
							"lerp_mode": "catmullrom"
						}
					}
				}
			}
		},
		"animation.mienfoo.ground_walk": {
			"loop": true,
			"animation_length": 1.2,
			"loop_delay": "true",
			"bones": {
				"torsoparte": {
					"rotation": {
						"0.0": [0, 0, -10],
						"0.6": [0, 0, -15],
						"1.2": [0, 0, -10]
					},
					"position": {
						"0.0": [2, 0, 0],
						"0.6": [4, 0, 0],
						"1.2": [2, 0, 0]
					}
				},
				"torsomini": {
					"rotation": {
						"0.0": [0, 0, 0],
						"1.2": [0, 0, 0]
					}
				},
				"head": {
					"rotation": {
						"0.0": [0, 0, -17.5],
						"0.1": [0, 0, -18.98207],
						"0.2": [0, 0, -21.27478],
						"0.4": [0, 0, -26.22522],
						"0.5": [0, 0, -28.51793],
						"0.6": [0, 0, -30],
						"0.7": [0, 0, -28.51793],
						"0.8": [0, 0, -26.22522],
						"1.0": [0, 0, -21.27478],
						"1.1": [0, 0, -18.98207],
						"1.2": [0, 0, -17.5]
					},
					"position": {
						"0.0": [-1, -2, 0],
						"0.1": [-0.88143, -2, 0],
						"0.2": [-0.69802, -2, 0],
						"0.4": [-0.30198, -2, 0],
						"0.5": [-0.11857, -2, 0],
						"0.6": [0, -2, 0],
						"0.7": [-0.11857, -2, 0],
						"0.8": [-0.30198, -2, 0],
						"1.0": [-0.69802, -2, 0],
						"1.1": [-0.88143, -2, 0],
						"1.2": [-1, -2, 0]
					}
				},
				"hoidos": {
					"position": {
						"0.0": [0, 0, 0],
						"1.2": [0, 0, 0]
					}
				},
				"hand0": {
					"rotation": {
						"0.0": {
							"post": [32.49858, 21.46902, 13.12427],
							"lerp_mode": "catmullrom"
						},
						"0.6": {
							"post": [35.17674, -29.78401, -19.29534],
							"lerp_mode": "catmullrom"
						},
						"1.2": {
							"post": [32.49858, 21.46902, 13.12427],
							"lerp_mode": "catmullrom"
						}
					},
					"position": {
						"0.0": [0, 4, 10],
						"0.2": {
							"pre": [-0.33, 4, 11.07],
							"post": [-0.33, 4, 11.07],
							"lerp_mode": "catmullrom"
						},
						"0.5": {
							"post": [-0.83, 4, 10.17],
							"lerp_mode": "catmullrom"
						},
						"0.6": {
							"post": [-1, 4, 9],
							"lerp_mode": "catmullrom"
						},
						"0.7": {
							"post": [-0.83, 4, 10.17],
							"lerp_mode": "catmullrom"
						},
						"0.9": {
							"post": [-0.5, 4, 11.6],
							"lerp_mode": "catmullrom"
						},
						"1.1": {
							"post": [-0.17, 4, 11.03],
							"lerp_mode": "catmullrom"
						},
						"1.2": {
							"post": [0, 4, 10],
							"lerp_mode": "catmullrom"
						}
					}
				},
				"part_hand0": {
					"rotation": {
						"0.0": {
							"post": [0, 15, 0],
							"lerp_mode": "catmullrom"
						},
						"1.2": {
							"post": [0, 15, 0],
							"lerp_mode": "catmullrom"
						}
					},
					"position": {
						"0.0": {
							"post": [1, 0, 1],
							"lerp_mode": "catmullrom"
						},
						"1.2": {
							"post": [1, 0, 1],
							"lerp_mode": "catmullrom"
						}
					}
				},
				"hand1": {
					"rotation": {
						"0.0": {
							"post": [-35.17674, 29.78401, -19.29534],
							"lerp_mode": "catmullrom"
						},
						"0.6": {
							"post": [-32.49858, -21.46902, 13.12427],
							"lerp_mode": "catmullrom"
						},
						"1.2": {
							"post": [-35.17674, 29.78401, -19.29534],
							"lerp_mode": "catmullrom"
						}
					},
					"position": {
						"0.0": [-1, 4, -9],
						"0.2": {
							"pre": [-0.67, 4, -10.73],
							"post": [-0.67, 4, -10.73],
							"lerp_mode": "catmullrom"
						},
						"0.5": {
							"post": [-0.17, 4, -10.83],
							"lerp_mode": "catmullrom"
						},
						"0.6": {
							"post": [0, 4, -10],
							"lerp_mode": "catmullrom"
						},
						"0.7": {
							"post": [-0.17, 4, -10.83],
							"lerp_mode": "catmullrom"
						},
						"0.9": {
							"post": [-0.5, 4, -11.6],
							"lerp_mode": "catmullrom"
						},
						"1.1": {
							"post": [-0.83, 4, -10.37],
							"lerp_mode": "catmullrom"
						},
						"1.2": {
							"post": [-1, 4, -9],
							"lerp_mode": "catmullrom"
						}
					}
				},
				"part_hand1": {
					"rotation": {
						"0.0": {
							"post": [0, -15, 0],
							"lerp_mode": "catmullrom"
						},
						"1.2": {
							"post": [0, -15, 0],
							"lerp_mode": "catmullrom"
						}
					},
					"position": {
						"0.0": {
							"post": [3, 0, -1],
							"lerp_mode": "catmullrom"
						},
						"1.2": {
							"post": [3, 0, -1],
							"lerp_mode": "catmullrom"
						}
					}
				},
				"line": {
					"rotation": {
						"0.0": {
							"post": [-0.33412, 12.49274, -10.05092],
							"lerp_mode": "catmullrom"
						},
						"0.1": {
							"post": [-0.33567, 13.38196, -10.05642],
							"lerp_mode": "catmullrom"
						},
						"0.2": {
							"post": [-0.33805, 14.75757, -10.06493],
							"lerp_mode": "catmullrom"
						},
						"0.4": {
							"post": [-0.3432, 17.72778, -10.08331],
							"lerp_mode": "catmullrom"
						},
						"0.5": {
							"post": [-0.34559, 19.10338, -10.09182],
							"lerp_mode": "catmullrom"
						},
						"0.6": {
							"post": [-0.34713, 19.9926, -10.09732],
							"lerp_mode": "catmullrom"
						},
						"0.7": {
							"post": [-0.34559, 19.10338, -10.09182],
							"lerp_mode": "catmullrom"
						},
						"0.8": {
							"post": [-0.3432, 17.72778, -10.08331],
							"lerp_mode": "catmullrom"
						},
						"1.0": {
							"post": [-0.33805, 14.75757, -10.06493],
							"lerp_mode": "catmullrom"
						},
						"1.1": {
							"post": [-0.33567, 13.38196, -10.05642],
							"lerp_mode": "catmullrom"
						},
						"1.2": {
							"post": [-0.33412, 12.49274, -10.05092],
							"lerp_mode": "catmullrom"
						}
					},
					"position": {
						"0.0": {
							"post": [3, 0, 2],
							"lerp_mode": "catmullrom"
						},
						"1.2": {
							"post": [3, 0, 2],
							"lerp_mode": "catmullrom"
						}
					}
				},
				"leg1": {
					"position": {
						"0.0": [0, 0, -1],
						"0.6": {
							"pre": [0, 0, 3],
							"post": [0, 0, 3],
							"lerp_mode": "catmullrom"
						},
						"1.2": [0, 0, -1]
					}
				},
				"legmini1": {
					"rotation": {
						"0.0": [12.5, 0, 0],
						"1.2": [12.5, 0, 0]
					},
					"position": {
						"0.0": [0, -1, 0],
						"0.6": [0, -1, 0],
						"1.2": [0, -1, 0]
					}
				},
				"legparte1": {
					"rotation": {
						"0.0": [10, 0, 0],
						"0.6": [12.5, 0, 0],
						"1.2": [10, 0, 0]
					},
					"position": {
						"0.0": [0, -1, 0],
						"0.6": [0, -1, 1],
						"1.2": [0, -1, 0]
					}
				},
				"legnime1": {
					"rotation": {
						"0.0": [-12.5, 0, 0],
						"0.6": [-10, 0, 0],
						"1.2": [-12.5, 0, 0]
					},
					"position": {
						"0.0": [0, 1, 0],
						"0.6": [0, 1, 0],
						"1.2": [0, 1, 0]
					}
				},
				"leg2": {
					"position": {
						"0.0": [0, 0, 2],
						"0.6": {
							"pre": [0, 0, -3],
							"post": [0, 0, -3],
							"lerp_mode": "catmullrom"
						},
						"1.2": [0, 0, 2]
					}
				},
				"legmini2": {
					"rotation": [12.5, 0, 0],
					"position": {
						"0.0": [0, -2, 1],
						"0.6": [0, -1, 2],
						"1.2": [0, -2, 1]
					}
				},
				"legparte2": {
					"rotation": {
						"0.0": [12.5, 0, 0],
						"1.2": [12.5, 0, 0]
					},
					"position": {
						"0.0": [0, -1, 2],
						"1.2": [0, -1, 2]
					}
				},
				"legnime2": {
					"rotation": {
						"0.0": [-10, 0, 0],
						"1.2": [-10, 0, 0]
					},
					"position": {
						"0.0": [0, 1, 0],
						"1.2": [0, 1, 0]
					}
				},
				"hands": {
					"position": {
						"0.0": [0, -1, 0],
						"0.9": {
							"pre": [0, 0, 0],
							"post": [0, 0, 0],
							"lerp_mode": "catmullrom"
						},
						"1.2": [0, -1, 0]
					}
				}
			}
		}
	}
}