{
	"format_version": "1.12.0",
	"minecraft:geometry": [
		{
			"description": {
				"identifier": "geometry.carkol",
				"texture_width": 128,
				"texture_height": 128,
				"visible_bounds_width": 3,
				"visible_bounds_height": 2.5,
				"visible_bounds_offset": [0, 0.75, 0]
			},
			"bones": [
				{
					"name": "carkol",
					"pivot": [0, 0, 0]
				},
				{
					"name": "body",
					"parent": "carkol",
					"pivot": [0, 0, 0]
				},
				{
					"name": "legs",
					"parent": "body",
					"pivot": [0, 0, 0]
				},
				{
					"name": "leg1",
					"parent": "legs",
					"pivot": [2, 0, 0],
					"cubes": [
						{"origin": [-8, 0, -6], "size": [2, 5, 4], "uv": [34, 58]}
					]
				},
				{
					"name": "leg2",
					"parent": "legs",
					"pivot": [0, 0, 8],
					"cubes": [
						{"origin": [-8, 0, 2], "size": [2, 5, 4], "uv": [61, 0]}
					]
				},
				{
					"name": "leg3",
					"parent": "legs",
					"pivot": [14, 0, 8],
					"cubes": [
						{"origin": [6, 0, 2], "size": [2, 5, 4], "uv": [61, 10]}
					]
				},
				{
					"name": "leg4",
					"parent": "legs",
					"pivot": [14, 0, 0],
					"cubes": [
						{"origin": [6, 0, -6], "size": [2, 5, 4], "uv": [0, 66]}
					]
				},
				{
					"name": "torso",
					"parent": "body",
					"pivot": [0, 0, 0]
				},
				{
					"name": "torso_parte",
					"parent": "torso",
					"pivot": [0, 0, 0],
					"cubes": [
						{"origin": [-6, 2, -7], "size": [12, 6, 14], "uv": [0, 20]}
					]
				},
				{
					"name": "torso_mini",
					"parent": "torso",
					"pivot": [0, 0, 0],
					"cubes": [
						{"origin": [-7, 7, -8], "size": [14, 3, 16], "uv": [0, 0]}
					]
				},
				{
					"name": "torso_blocks",
					"parent": "torso",
					"pivot": [0, 0, -1]
				},
				{
					"name": "block1",
					"parent": "torso_blocks",
					"pivot": [0, 0, -1],
					"cubes": [
						{"origin": [-6, 10, -5], "size": [12, 5, 11], "uv": [0, 41]},
						{"origin": [5, 10, -4], "size": [2, 2, 2], "pivot": [6, 10, -3], "rotation": [-12.5, 12.5, -17.5], "uv": [0, 0]},
						{"origin": [-7, 10, 3], "size": [2, 2, 2], "pivot": [-6, 10, 4], "rotation": [7.5, -12.5, 17.5], "uv": [0, 0], "mirror": true},
						{"origin": [-7, 10, -4], "size": [2, 3, 3], "pivot": [-6, 10, -3], "rotation": [10, -12.5, 17.5], "uv": [-1, -1], "mirror": true}
					]
				},
				{
					"name": "block2",
					"parent": "block1",
					"pivot": [1, 5, -1],
					"cubes": [
						{"origin": [-5, 15, -4], "size": [10, 3, 10], "uv": [47, 41]},
						{"origin": [-6, 15, 1], "size": [2, 2, 2], "pivot": [-5, 15, 2], "rotation": [-7.5, 12.5, 12.5], "uv": [0, 0]},
						{"origin": [4, 15, -2], "size": [2, 2, 2], "pivot": [5, 15, -1], "rotation": [12.5, -12.5, -12.5], "uv": [0, 0], "mirror": true}
					]
				},
				{
					"name": "block3",
					"parent": "block2",
					"pivot": [0, 8, -1],
					"cubes": [
						{"origin": [-4, 18, -2], "size": [8, 2, 8], "uv": [53, 20]},
						{"origin": [-2, 18, 0], "size": [4, 2, 5], "pivot": [-1, 18, 1], "rotation": [25, 27.5, 0], "uv": [0, 58]},
						{"origin": [3, 18, -1], "size": [2, 2, 2], "pivot": [4, 18, 0], "rotation": [-12.5, -20, -10], "uv": [0, 0]},
						{"origin": [-5, 18, 2], "size": [2, 2, 2], "pivot": [-4, 18, 3], "rotation": [5, 20, 10], "uv": [0, 0], "mirror": true}
					]
				},
				{
					"name": "torso_trase",
					"parent": "block3",
					"pivot": [0, 0, 0]
				},
				{
					"name": "trase1",
					"parent": "torso_trase",
					"pivot": [0, 0, 0],
					"cubes": [
						{"origin": [-1, 7, 6], "size": [6, 8, 3], "pivot": [2, 8, 9], "rotation": [5, 0, 0], "uv": [47, 55]}
					]
				},
				{
					"name": "trase2",
					"parent": "torso_trase",
					"pivot": [-5, 0, 0],
					"cubes": [
						{"origin": [-5, 7, 6], "size": [4, 6, 3], "pivot": [-3, 8, 9], "rotation": [5, 0, 0], "uv": [19, 58]}
					]
				},
				{
					"name": "head",
					"parent": "torso",
					"pivot": [0, 12, -6]
				},
				{
					"name": "face",
					"parent": "head",
					"pivot": [0, 10, -4]
				},
				{
					"name": "face_mini",
					"parent": "face",
					"pivot": [0, 10, -4],
					"cubes": [
						{"origin": [-3, 10, -8], "size": [6, 4, 4], "inflate": -0.0001, "pivot": [7, 10, -5], "rotation": [7.5, 0, 0], "uv": [53, 31]}
					]
				},
				{
					"name": "face_block",
					"parent": "face_mini",
					"pivot": [0, 10, -3],
					"rotation": [5, 0, 0],
					"cubes": [
						{"origin": [-3, 14, -5], "size": [2, 1, 2], "pivot": [-2, 13, -4], "rotation": [0, -45, 0], "uv": [24, 68]},
						{"origin": [1, 14, -5], "size": [2, 1, 2], "pivot": [2, 13, -4], "rotation": [0, -45, 0], "uv": [33, 68]},
						{"origin": [-2, 14, -6], "size": [3, 1, 3], "pivot": [-1, 14, -4], "rotation": [0, -50, 0], "uv": [66, 55]}
					]
				},
				{
					"name": "smiles",
					"parent": "face",
					"pivot": [0, 10, -4]
				},
				{
					"name": "smile1",
					"parent": "smiles",
					"pivot": [0, 10, -4],
					"rotation": [2.5, 0, 0]
				},
				{
					"name": "smile2",
					"parent": "smiles",
					"pivot": [0, 10, -4],
					"rotation": [2.5, 0, 0]
				},
				{
					"name": "smile3",
					"parent": "smiles",
					"pivot": [0, 10, -3],
					"rotation": [7.5, 0, 0]
				},
				{
					"name": "mounchs",
					"parent": "smiles",
					"pivot": [0, 10, -7]
				},
				{
					"name": "mounch1",
					"parent": "mounchs",
					"pivot": [0, 9, -7],
					"cubes": [
						{"origin": [-7.6, 10.3, -12], "size": [3, 1, 4], "inflate": -0.0001, "pivot": [-6, -2, -2], "rotation": [0, -45, 0], "uv": [112, 123]},
						{"origin": [-1, 11, -9], "size": [2, 1, 2], "inflate": 0.2, "pivot": [0, 10, -8], "rotation": [0, -45, 0], "uv": [120, 0]}
					]
				},
				{
					"name": "mounch2",
					"parent": "mounchs",
					"pivot": [0, 12, -7],
					"rotation": [15, 0, 0],
					"cubes": [
						{"origin": [-7, 12.2, -13], "size": [5, 1, 4], "inflate": -0.0001, "pivot": [-6, 0, -3], "rotation": [-2.5, -45, 0], "uv": [110, 123]}
					]
				},
				{
					"name": "eyes",
					"parent": "face",
					"pivot": [0, 10, -4]
				},
				{
					"name": "eye1",
					"parent": "eyes",
					"pivot": [0, 10, -4]
				},
				{
					"name": "eye_parte1",
					"parent": "eye1",
					"pivot": [0, 10, -4],
					"cubes": [
						{"origin": [-3.1, 11, -8.2], "size": [0, 2, 3], "inflate": -0.0001, "pivot": [-2, 11, -7], "rotation": [10, 0, 0], "uv": [41, 67]},
						{"origin": [-3.1, 11.4, -8.1], "size": [0, 1, 1], "pivot": [-1, 10, -8], "rotation": [10, 0, 0], "uv": [39, 72]}
					]
				},
				{
					"name": "eye_mini1",
					"parent": "eye1",
					"pivot": [0, 10, -4],
					"cubes": [
						{"origin": [-3.1, 11.1, -8.2], "size": [1, 2, 0], "pivot": [-2, 11, -6], "rotation": [10, 0, 0], "uv": [63, 71]},
						{"origin": [-3.1, 11.7, -8.1], "size": [1, 1, 0], "pivot": [-2, 10, -6], "rotation": [10, 0, 0], "uv": [13, 66]}
					]
				},
				{
					"name": "ceja1",
					"parent": "eye1",
					"pivot": [0, 10, -5],
					"rotation": [15, 0, 0],
					"cubes": [
						{"origin": [-2.3, 13, -8.7], "size": [1, 1, 1], "uv": [29, 72]},
						{"origin": [-5.2, 13, -8], "size": [1, 1, 4], "pivot": [-1, 0, 0], "rotation": [0, -15, 0], "uv": [47, 67]}
					]
				},
				{
					"name": "eye2",
					"parent": "eyes",
					"pivot": [0, 10, -4]
				},
				{
					"name": "eye_parte2",
					"parent": "eye2",
					"pivot": [0, 10, -4],
					"cubes": [
						{"origin": [3.1, 11, -8.2], "size": [0, 2, 3], "inflate": -0.0001, "pivot": [2, 11, -7], "rotation": [10, 0, 0], "uv": [41, 67], "mirror": true},
						{"origin": [3.2, 11.4, -8.1], "size": [0, 1, 1], "pivot": [0, 10, -8], "rotation": [10, 0, 0], "uv": [39, 72], "mirror": true}
					]
				},
				{
					"name": "eye_mini2",
					"parent": "eye2",
					"pivot": [0, 10, -4],
					"cubes": [
						{"origin": [2.1, 11.1, -8.2], "size": [1, 2, 0], "pivot": [2, 11, -6], "rotation": [10, 0, 0], "uv": [63, 71], "mirror": true},
						{"origin": [2.1, 11.7, -8.1], "size": [1, 1, 0], "pivot": [2, 10, -6], "rotation": [10, 0, 0], "uv": [13, 66], "mirror": true}
					]
				},
				{
					"name": "ceja2",
					"parent": "eye2",
					"pivot": [0, 10, -5],
					"rotation": [15, 0, 0],
					"cubes": [
						{"origin": [4.2, 13, -8], "size": [1, 1, 4], "pivot": [1, 0, 0], "rotation": [0, 15, 0], "uv": [47, 67], "mirror": true},
						{"origin": [1.3, 13, -8.7], "size": [1, 1, 1], "uv": [29, 72], "mirror": true}
					]
				}
			]
		}
	]
}