{
	"format_version": "1.12.0",
	"minecraft:geometry": [
		{
			"description": {
				"identifier": "geometry.swalot",
				"texture_width": 256,
				"texture_height": 256,
				"visible_bounds_width": 5,
				"visible_bounds_height": 3.75,
				"visible_bounds_offset": [0, 1.125, 0]
			},
			"bones": [
				{
					"name": "swalot",
					"pivot": [0, 0, 0]
				},
				{
					"name": "allbody",
					"parent": "swalot",
					"pivot": [0, 0, 0]
				},
				{
					"name": "torso",
					"parent": "allbody",
					"pivot": [0, 23, -10]
				},
				{
					"name": "head",
					"parent": "torso",
					"pivot": [0, 22, -12]
				},
				{
					"name": "face",
					"parent": "head",
					"pivot": [0, 0, 0],
					"cubes": [
						{"origin": [-11, 21, -13], "size": [22, 9, 24], "inflate": -0.001, "uv": [0, 70]}
					]
				},
				{
					"name": "eyes",
					"parent": "face",
					"pivot": [-1, 27, -12]
				},
				{
					"name": "eye1",
					"parent": "eyes",
					"pivot": [-1, 27, -12],
					"cubes": [
						{"origin": [5, 25, -13], "size": [2, 2, 0], "uv": [88, 115]}
					]
				},
				{
					"name": "eye2",
					"parent": "eyes",
					"pivot": [-1, 27, -12],
					"cubes": [
						{"origin": [-7, 25, -13], "size": [2, 2, 0], "uv": [131, 125]}
					]
				},
				{
					"name": "lavios",
					"parent": "face",
					"pivot": [0, -2, -14]
				},
				{
					"name": "lavio1",
					"parent": "lavios",
					"pivot": [0, -2, -14],
					"cubes": [
						{"origin": [-2, 23, -17], "size": [4, 4, 6], "inflate": -0.001, "pivot": [-1, 23, -12], "rotation": [-10, 0, 0], "uv": [117, 57]}
					]
				},
				{
					"name": "lavio2",
					"parent": "lavios",
					"pivot": [0, -2, -14],
					"cubes": [
						{"origin": [-2, 20, -16], "size": [4, 4, 6], "pivot": [-1, 21, -11], "rotation": [7.5, 0, 0], "uv": [117, 57]}
					]
				},
				{
					"name": "bigote",
					"parent": "face",
					"pivot": [16, 19, -3],
					"rotation": [0, 5, 0]
				},
				{
					"name": "bigote2",
					"parent": "bigote",
					"pivot": [29, 24, -32],
					"rotation": [0, 35, 0],
					"cubes": [
						{"origin": [-27, 19, -45], "size": [9, 2, 0], "pivot": [-14, 19, -44], "rotation": [0, 35, 20], "uv": [131, 122]},
						{"origin": [-19, 25, -41], "size": [8, 2, 0], "pivot": [-8, 25, -40], "rotation": [0, -5, -27.5], "uv": [61, 115]}
					]
				},
				{
					"name": "bigote1",
					"parent": "bigote",
					"pivot": [7, 22, -4],
					"rotation": [0, -35, 0],
					"cubes": [
						{"origin": [3, 20, -15], "size": [7, 2, 0], "pivot": [10, 20, -14], "rotation": [0, 5, 27.5], "uv": [126, 11]},
						{"origin": [6, 24, -8], "size": [9, 2, 0], "pivot": [19, 24, -7], "rotation": [0, -35, -20], "uv": [131, 119]}
					]
				},
				{
					"name": "hands",
					"parent": "head",
					"pivot": [-1, 29, -11],
					"rotation": [0, 0, -10]
				},
				{
					"name": "hands2",
					"parent": "hands",
					"pivot": [31, 20, -11],
					"rotation": [0, 0, 20],
					"cubes": [
						{"origin": [11, 5, -3], "size": [8, 4, 6], "uv": [228, 3]},
						{"origin": [15.4, 5, 0], "size": [4, 4, 3], "pivot": [1, 0, 6], "rotation": [0, 20, 0], "uv": [242, 81]},
						{"origin": [16, 5, -4], "size": [4, 4, 3], "pivot": [2, 0, -7], "rotation": [0, -22.5, 0], "uv": [242, 103]}
					]
				},
				{
					"name": "hand1",
					"parent": "hands",
					"pivot": [-1, 29, -11],
					"cubes": [
						{"origin": [-21, 16, -3], "size": [4, 4, 3], "pivot": [-3, 0, -6], "rotation": [0, 20, 0], "uv": [242, 61]},
						{"origin": [-21, 16, 0], "size": [4, 4, 3], "pivot": [-3, 0, 6], "rotation": [0, -20, 0], "uv": [242, 41]},
						{"origin": [-20, 16, -3], "size": [8, 4, 6], "uv": [228, 22]}
					]
				},
				{
					"name": "legs",
					"parent": "head",
					"pivot": [0, 0, 0]
				},
				{
					"name": "leg1",
					"parent": "legs",
					"pivot": [0, 0, 0],
					"cubes": [
						{"origin": [-15, 0, -15], "size": [30, 3, 32], "uv": [0, 0]}
					]
				},
				{
					"name": "torso_parte",
					"parent": "head",
					"pivot": [0, 0, 0],
					"cubes": [
						{"origin": [-11, 3, 11], "size": [22, 19, 3], "uv": [107, 34]},
						{"origin": [-13, 3, -14], "size": [2, 19, 28], "uv": [93, 70]},
						{"origin": [11, 3, -14], "size": [2, 19, 28], "uv": [0, 105]}
					]
				},
				{
					"name": "boca",
					"parent": "torso_parte",
					"pivot": [0, 10, -12],
					"cubes": [
						{"origin": [-11, 3, -14], "size": [22, 19, 2], "uv": [61, 119]}
					]
				}
			]
		}
	]
}