{
	"format_version": "1.8.0",
	"animations": {
		"animation.swalot.blink": {
			"animation_length": 0.25,
			"bones": {
				"eyes": {
					"position": {
						"0.0": [0, 0, 0],
						"0.25": [0, 0, 1]
					}
				}
			}
		},
		"animation.swalot.sleep": {
			"loop": true,
			"animation_length": 0.5,
			"bones": {
				"head": {
					"position": {
						"0.0": {
							"post": [0, 0, 0],
							"lerp_mode": "catmullrom"
						},
						"0.25": {
							"post": [0, 4, 0],
							"lerp_mode": "catmullrom"
						},
						"0.5": {
							"post": [0, 0, 0],
							"lerp_mode": "catmullrom"
						}
					},
					"scale": {
						"0.0": {
							"post": [1, 1, 1],
							"lerp_mode": "catmullrom"
						},
						"0.25": {
							"post": [1, 1.2, 1],
							"lerp_mode": "catmullrom"
						},
						"0.5": {
							"post": [1, 1, 1],
							"lerp_mode": "catmullrom"
						}
					}
				},
				"eyes": {
					"position": {
						"0.0": {
							"post": [0, 0, 2],
							"lerp_mode": "catmullrom"
						},
						"0.5": {
							"post": [0, 0, 2],
							"lerp_mode": "catmullrom"
						}
					}
				},
				"bigote": {
					"position": {
						"0.0": {
							"post": [0, 1, 0],
							"lerp_mode": "catmullrom"
						},
						"0.5": {
							"post": [0, 1, 0],
							"lerp_mode": "catmullrom"
						}
					}
				},
				"lavios": {
					"position": {
						"0.0": {
							"post": [0, 0, -1],
							"lerp_mode": "catmullrom"
						},
						"0.5": {
							"post": [0, 0, -1],
							"lerp_mode": "catmullrom"
						}
					}
				},
				"hands": {
					"rotation": {
						"0.0": {
							"post": [20, 0, 0],
							"lerp_mode": "catmullrom"
						},
						"0.5": {
							"post": [20, 0, 0],
							"lerp_mode": "catmullrom"
						}
					},
					"position": {
						"0.0": {
							"post": [0, -2, -6],
							"lerp_mode": "catmullrom"
						},
						"0.5": {
							"post": [0, -2, -6],
							"lerp_mode": "catmullrom"
						}
					}
				},
				"hands2": {
					"rotation": {
						"0.0": {
							"post": [0, 40, 0],
							"lerp_mode": "catmullrom"
						},
						"0.5": {
							"post": [0, 40, 0],
							"lerp_mode": "catmullrom"
						}
					},
					"position": {
						"0.0": {
							"post": [-13, 2, -20],
							"lerp_mode": "catmullrom"
						},
						"0.5": {
							"post": [-13, 2, -20],
							"lerp_mode": "catmullrom"
						}
					}
				},
				"hand1": {
					"rotation": {
						"0.0": {
							"post": [0, -40, 0],
							"lerp_mode": "catmullrom"
						},
						"0.5": {
							"post": [0, -40, 0],
							"lerp_mode": "catmullrom"
						}
					},
					"position": {
						"0.0": {
							"post": [5, -2, 1],
							"lerp_mode": "catmullrom"
						},
						"0.5": {
							"post": [5, -2, 1],
							"lerp_mode": "catmullrom"
						}
					}
				},
				"torso_parte": {
					"scale": {
						"0.0": {
							"post": [1, 0.8, 1],
							"lerp_mode": "catmullrom"
						},
						"0.5": {
							"post": [1, 0.8, 1],
							"lerp_mode": "catmullrom"
						}
					}
				},
				"face": {
					"rotation": {
						"0.0": {
							"post": [5, 0, 0],
							"lerp_mode": "catmullrom"
						},
						"0.5": {
							"post": [5, 0, 0],
							"lerp_mode": "catmullrom"
						}
					},
					"position": {
						"0.0": {
							"post": [0, -5, 3],
							"lerp_mode": "catmullrom"
						},
						"0.5": {
							"post": [0, -5, 3],
							"lerp_mode": "catmullrom"
						}
					}
				}
			}
		},
		"animation.swalot.cry": {
			"animation_length": 1.5417,
			"bones": {
				"eyes": {
					"position": {
						"0.0": [0, 0, 0],
						"0.5": [0, -1, 0],
						"1.5417": [0, 0, 0]
					}
				},
				"bigote2": {
					"rotation": {
						"0.0": [0, 0, 0],
						"0.5": [0, 0, 7.5],
						"1.5417": [0, 0, 0]
					},
					"position": {
						"0.0": [0, 0, 0],
						"0.5": [0, -6, 0],
						"1.5417": [0, 0, 0]
					}
				},
				"bigote1": {
					"rotation": {
						"0.0": [0, 0, 0],
						"0.5": [0, 5, -7.5],
						"1.5417": [0, 0, 0]
					},
					"position": {
						"0.0": [0, 0, 0],
						"0.5": [0, -1, 0],
						"1.5417": [0, 0, 0]
					}
				},
				"hands2": {
					"rotation": {
						"0.0": [0, 0, 0],
						"0.5": [0, -10, 0],
						"1.5417": [0, 0, 0]
					},
					"position": {
						"0.0": [0, 0, 0],
						"0.5": [3, 0, 6],
						"1.5417": [0, 0, 0]
					}
				},
				"hand1": {
					"rotation": {
						"0.0": [0, 0, 0],
						"0.5": [0, 10, 0],
						"1.5417": [0, 0, 0]
					},
					"position": {
						"0.0": [0, 0, 0],
						"0.5": [-4, 0, 0],
						"1.5417": [0, 0, 0]
					}
				},
				"leg1": {
					"scale": {
						"0.0": [1, 1, 1],
						"0.5": [1, 1.2, 1],
						"1.5417": [1, 1, 1]
					}
				},
				"torso_parte": {
					"rotation": {
						"0.0": [0, 0, 0],
						"0.5": [5, 0, 0],
						"1.5417": [0, 0, 0]
					},
					"position": {
						"0.0": [0, 0, 0],
						"0.5": [0, 0, 1],
						"1.5417": [0, 0, 0]
					}
				},
				"boca": {
					"position": {
						"0.0": [0, 0, 0],
						"0.5": [0, -8, 0],
						"1.5417": [0, 0, 0]
					},
					"scale": {
						"0.0": [1, 1, 1],
						"0.5": [1, 0, 1],
						"1.5417": [1, 1, 1]
					}
				},
				"face": {
					"rotation": {
						"0.0": [0, 0, 0],
						"0.5": [-7.5, 0, 0],
						"1.5417": [0, 0, 0]
					},
					"position": {
						"0.0": [0, 0, 0],
						"0.5": [0, 1, -4],
						"1.5417": [0, 0, 0]
					},
					"scale": {
						"0.0": [1, 1, 1],
						"0.5": [1, 0.9, 1],
						"1.5417": [1, 1, 1]
					}
				},
				"lavio2": {
					"position": {
						"0.0": [0, 0, 0],
						"0.5": [0, -22, 2],
						"0.5417": [0, -22.46, 1.95],
						"1.5417": [0, 0, 0]
					},
					"scale": {
						"0.0": [1, 1, 1],
						"0.5": [2.6, 1, 1],
						"1.5417": [1, 1, 1]
					}
				},
				"lavio1": {
					"position": {
						"0.0": [0, 0, 0],
						"0.5": [0, -3, 0],
						"1.5417": [0, 0, 0]
					},
					"scale": {
						"0.0": [1, 1, 1],
						"0.5": [1.4, 1, 1],
						"1.5417": [1, 1, 1]
					}
				}
			},
			"sound_effects": {
				"0.5": {
					"effect": "pokemon.swalot.cry"
				}
			}
		},
		"animation.swalot.pose2": {
			"loop": true,
			"animation_length": 1.5417,
			"bones": {
				"eyes": {
					"position": [0, -1, 0]
				},
				"bigote2": {
					"rotation": [0, 0, 7.5],
					"position": [0, -6, 0]
				},
				"bigote1": {
					"rotation": [0, 5, -7.5],
					"position": [0, -1, 0]
				},
				"hands2": {
					"rotation": [0, -25, 0],
					"position": [5, 0, 14]
				},
				"hand1": {
					"rotation": [0, 25, 0],
					"position": [-8, 0, 0]
				},
				"leg1": {
					"scale": [1, 1.2, 1]
				},
				"torso_parte": {
					"rotation": [5, 0, 0],
					"position": [0, 0, 1]
				},
				"boca": {
					"position": [0, -8, 0],
					"scale": [1, 0, 1]
				},
				"face": {
					"rotation": [-7.5, 0, 0],
					"position": [0, 1, -4],
					"scale": [1, 0.9, 1]
				},
				"lavio2": {
					"position": [0, -22, 2],
					"scale": [2.6, 1, 1]
				},
				"lavio1": {
					"position": [0, -3, 0],
					"scale": [1.4, 1, 1]
				}
			},
			"sound_effects": {
				"0.5": {
					"effect": "pokemon.swalot.cry"
				}
			}
		},
		"animation.swalot.pose": {
			"loop": true,
			"animation_length": 4,
			"bones": {
				"head": {
					"rotation": {
						"0.0": {
							"post": [0, 0, 0],
							"lerp_mode": "catmullrom"
						}
					},
					"scale": {
						"0.0": {
							"post": [1, 0.9, 1],
							"lerp_mode": "catmullrom"
						}
					}
				},
				"eyes": {
					"position": {
						"0.0": {
							"post": [0, -1, 0],
							"lerp_mode": "catmullrom"
						}
					}
				},
				"lavios": {
					"position": {
						"0.0": {
							"post": [0, 0, 0],
							"lerp_mode": "catmullrom"
						}
					}
				},
				"hands2": {
					"rotation": {
						"0.0": {
							"post": [0, 12.5, 0],
							"lerp_mode": "catmullrom"
						}
					},
					"position": {
						"0.0": {
							"post": [-2, 0, -3],
							"lerp_mode": "catmullrom"
						}
					}
				},
				"hand1": {
					"rotation": {
						"0.0": {
							"post": [0, -12.5, 0],
							"lerp_mode": "catmullrom"
						}
					},
					"position": {
						"0.0": {
							"post": [2, 0, 2],
							"lerp_mode": "catmullrom"
						}
					}
				},
				"eye1": {
					"rotation": {
						"0.0": {
							"post": [0, 0, -10],
							"lerp_mode": "catmullrom"
						}
					}
				},
				"eye2": {
					"rotation": {
						"0.0": {
							"post": [0, 0, 10],
							"lerp_mode": "catmullrom"
						}
					}
				}
			}
		},
		"animation.swalot.ground_idle": {
			"loop": true,
			"bones": {
				"torso": {
					"rotation": ["math.sin(q.anim_time*90*2-60)*2", "0.4018+math.sin(q.anim_time*90*2-60)*1", "0.4677+math.sin(q.anim_time*90*1.4-60)*1"],
					"position": [1, 0, 0],
					"scale": 1
				},
				"face": {
					"rotation": ["5+math.sin(q.anim_time*90*0.8-60)*0.8", 0, 0],
					"position": [0, 0, 2]
				},
				"leg1": {
					"rotation": ["2.0+math.sin(q.anim_time*90*1.2-60)*1", 0, 0]
				}
			}
		},
		"animation.swalot.battle_idle": {
			"loop": true,
			"bones": {
				"torso": {
					"rotation": ["2.5+math.sin(q.anim_time*90*2-60)*2", "0.4018+math.sin(q.anim_time*90*3-60)*1.2", "0.4677+math.sin(q.anim_time*90*1.4-60)*1"],
					"position": [1, 0, 0],
					"scale": 1
				},
				"leg1": {
					"rotation": ["2.0+math.sin(q.anim_time*90*1.2-60)*1", 0, 0]
				}
			}
		},
		"animation.swalot.ground_walk": {
			"loop": true,
			"bones": {
				"swalot": {
					"rotation": [0, "5+math.sin(q.anim_time*90*5-60)*1", 0]
				},
				"torso": {
					"rotation": ["2.5-math.sin(q.anim_time*90*2*1-60)*1", 0, 0]
				},
				"face": {
					"rotation": ["5-math.sin(q.anim_time*90*2*1-90)*0.8", 0, 0],
					"position": [0, 0, 2]
				},
				"leg1": {
					"rotation": [2.5, 0, 0]
				}
			}
		}
	}
}