{
	"format_version": "1.8.0",
	"animations": {
		"animation.gulpin.ground_walk": {
			"loop": true,
			"animation_length": 1,
			"loop_delay": "true",
			"bones": {
				"torso": {
					"rotation": [0, 0, "2.5-math.sin(q.anim_time*90*2*2-60)*5"],
					"position": [0, 0, 0],
					"scale": 1
				},
				"head": {
					"rotation": {
						"0.0": {
							"post": [0, 0, 0],
							"lerp_mode": "catmullrom"
						},
						"0.25": {
							"post": [0, 10, 0],
							"lerp_mode": "catmullrom"
						},
						"0.5": {
							"post": [0, -2.5, 0],
							"lerp_mode": "catmullrom"
						},
						"0.75": {
							"post": [0, 10, 0],
							"lerp_mode": "catmullrom"
						},
						"1.0": {
							"post": [0, 0, 0],
							"lerp_mode": "catmullrom"
						}
					}
				}
			}
		},
		"animation.gulpin.sleep": {
			"loop": true,
			"animation_length": 2,
			"bones": {
				"torso": {
					"scale": {
						"0.0": [1, 1, 1],
						"0.5": [1, 1.2, 1],
						"1.0": [1, 1, 1],
						"2.0": [1, 1, 1]
					}
				},
				"boca2": {
					"position": {
						"0.0": [0, 0, 0],
						"2.0": [0, 0, 0]
					}
				},
				"part_boca": {
					"position": {
						"0.0": [0, -1, 0],
						"2.0": [0, -1, 0]
					}
				},
				"pelo": {
					"rotation": {
						"0.0": [-37.5, 0, 0],
						"2.0": [-37.5, 0, 0]
					},
					"position": {
						"0.0": [0, -1, 0],
						"2.0": [0, -1, 0]
					}
				},
				"cola": {
					"position": {
						"0.0": [0, 0, -1],
						"2.0": [0, 0, -1]
					}
				},
				"head": {
					"scale": {
						"0.0": [1, 0.8, 1],
						"1.5": [1, 0.9, 1],
						"2.0": [1, 0.8, 1]
					}
				},
				"hands": {
					"rotation": {
						"0.0": [7.5, 0, 0],
						"2.0": [7.5, 0, 0]
					},
					"position": {
						"0.0": [0, 0, 0],
						"2.0": [0, 0, 0]
					}
				},
				"eyes": {
					"position": [0, 0, 1]
				}
			}
		},
		"animation.gulpin.cry": {
			"animation_length": 1.5,
			"bones": {
				"boca": {
					"position": {
						"0.0": [0, 0, 0],
						"0.5": [0, -1, 0],
						"1.5": [0, 0, 0]
					}
				},
				"boca2": {
					"position": {
						"0.0": [0, 0, 0],
						"0.5": [0, 2, 0],
						"1.5": [0, 0, 0]
					},
					"scale": {
						"0.0": [1, 1, 1],
						"0.5": [1, 0.9, 1],
						"1.5": [1, 1, 1]
					}
				},
				"part_boca": {
					"position": {
						"0.0": [0, 0, 0],
						"0.5": [0, 0, 0],
						"1.5": [0, 0, 0]
					}
				},
				"labio": {
					"position": {
						"0.0": [0, 0, 0],
						"0.5": [0, -1, 0],
						"1.5": [0, 0, 0]
					},
					"scale": {
						"0.0": [1, 1, 1],
						"0.5": [1.9, 1.2, 1],
						"1.5": [1, 1, 1]
					}
				},
				"pelo": {
					"rotation": {
						"0.0": [0, 0, 0],
						"0.5": [-27.5, 0, 0],
						"1.5": [0, 0, 0]
					},
					"position": {
						"0.0": [0, 0, 0],
						"0.5": [0, -1, 0],
						"1.5": [0, 0, 0]
					}
				},
				"head": {
					"rotation": {
						"0.0": [0, 0, 0],
						"0.5": [-5, 0, 0],
						"1.5": [0, 0, 0]
					}
				},
				"hands": {
					"rotation": {
						"0.0": [0, 0, 0],
						"0.5": [10, 0, 0],
						"1.5": [0, 0, 0]
					}
				}
			},
			"sound_effects": {
				"0.5": {
					"effect": "pokemon.gulpin.cry"
				}
			}
		},
		"animation.gulpin.pose2": {
			"loop": true,
			"animation_length": 1.5,
			"bones": {
				"boca": {
					"position": [0, -1, 0]
				},
				"boca2": {
					"position": [0, 2, 0],
					"scale": [1, 0.9, 1]
				},
				"part_boca": {
					"position": [0, 0, 0]
				},
				"labio": {
					"position": [0, -1, 0],
					"scale": [1.9, 1.2, 1]
				},
				"pelo": {
					"rotation": [-27.5, 0, 0],
					"position": [0, -1, 0]
				},
				"head": {
					"rotation": [-5, 0, 0]
				},
				"hands": {
					"rotation": [10, 0, 0]
				}
			},
			"sound_effects": {
				"0.5": {
					"effect": "pokemon.gulpin.cry"
				}
			}
		},
		"animation.gulpin.blink": {
			"animation_length": 0.25,
			"bones": {
				"eyes": {
					"position": {
						"0.0": [0, 0, 0],
						"0.25": [0, 0, 1]
					}
				}
			}
		},
		"animation.gulpin.smile_quirk": {
			"animation_length": 1.5
		},
		"animation.gulpin.tongue_quirk": {
			"animation_length": 2
		},
		"animation.gulpin.physical": {
			"animation_length": 1.75,
			"bones": {
				"head": {
					"rotation": {
						"0.0": [0, 0, 0],
						"0.625": [-65, 0, 0],
						"1.2917": [5.63304, -27.38656, -2.59775],
						"1.75": [0, 0, 0]
					},
					"position": {
						"0.0": [0, 0, 0],
						"1.2917": [0, 0, -4],
						"1.75": [0, 0, 0]
					},
					"scale": {
						"0.0": [1, 1, 1],
						"0.625": [1, 1, 0.9]
					}
				},
				"hands": {
					"rotation": {
						"0.0": [0, 0, 0],
						"0.625": [17.5, 0, 0],
						"1.2917": [27.5, 0, 0],
						"1.75": [0, 0, 0]
					},
					"position": {
						"0.0": [0, 0, 0],
						"0.625": [0, 2, 0],
						"1.75": [0, 0, 0]
					}
				},
				"cola": {
					"rotation": {
						"0.0": [0, 0, 0],
						"0.625": [35, 0, 0],
						"1.75": [0, 0, 0]
					},
					"position": {
						"0.0": [0, 0, 0],
						"0.625": [0, 2, 0],
						"1.75": [0, 0, 0]
					}
				},
				"pelo": {
					"rotation": {
						"0.0": [0, 0, 0],
						"0.625": [-22.5, 0, 0],
						"1.75": [0, 0, 0]
					}
				},
				"labio": {
					"position": {
						"0.0": [0, 0, 0],
						"1.2917": [0, -2, 0],
						"1.75": [0, 0, 0]
					},
					"scale": {
						"0.0": [1, 1, 1],
						"1.2917": [2, 1.4, 1],
						"1.75": [1, 1, 1]
					}
				},
				"boca2": {
					"position": {
						"0.0": [0, 0, 0],
						"1.2917": [0, 0, 0],
						"1.75": [0, 0, 0]
					}
				},
				"part_boca": {
					"position": {
						"0.0": [0, 0, 0],
						"0.625": [0, -1, 0],
						"1.2917": [0, -1, 0],
						"1.75": [0, 0, 0]
					}
				},
				"torso": {
					"scale": {
						"0.0": [1, 1, 1],
						"1.2917": [1, 1, 0.9],
						"1.75": [1, 1, 1]
					}
				}
			}
		},
		"animation.gulpin.recoil": {
			"animation_length": 1.25,
			"bones": {
				"head": {
					"rotation": {
						"0.0": [0, 0, 0],
						"0.5": [0, -15, 0],
						"1.25": [0, 0, 0]
					}
				},
				"eyes": {
					"position": {
						"0.0": [0, 0, 0],
						"0.5": [0, 0, 1],
						"1.25": [0, 0, 0]
					}
				},
				"hands": {
					"rotation": {
						"0.0": [0, 0, 0],
						"0.5": [5.019, -4.98093, -0.43688],
						"1.25": [0, 0, 0]
					}
				}
			}
		},
		"animation.gulpin.ground_idle": {
			"loop": true,
			"bones": {
				"torso": {
					"rotation": [
						"-10.7786-math.cos(q.anim_time*90*2*1-60)*1",
						"16.9344+math.sin(q.anim_time*90*2*1.5-60)*1",
						"-1.8076+math.sin(query.anim_time*90*2*1-60)*1"
					]
				},
				"boca": {
					"rotation": [0, "5+math.sin(q.anim_time*90*2*1.2-60)*1", 0]
				}
			}
		},
		"animation.gulpin.battle_idle": {
			"loop": true,
			"bones": {
				"torso": {
					"rotation": ["-0.39-math.cos(q.anim_time*90*2*1-60)*1", "9.6436+math.sin(q.anim_time*90*2*1.5-60)*1", "-0.005+math.sin(query.anim_time*90*2*1-60)*1"]
				},
				"boca": {
					"rotation": [0, "5+math.sin(q.anim_time*90*2*1.2-60)*1", 0]
				}
			}
		}
	}
}